-- phpMyAdmin SQL Dump
-- version 4.2.5
-- http://www.phpmyadmin.net
--
-- Servidor: 50.62.209.39:3306
-- Tiempo de generación: 09-04-2015 a las 22:48:49
-- Versión del servidor: 5.5.40-36.1-log
-- Versión de PHP: 5.5.14

SET SQL_MODE = "NO_AUTO_VALUE_ON_ZERO";
SET time_zone = "+00:00";


/*!40101 SET @OLD_CHARACTER_SET_CLIENT=@@CHARACTER_SET_CLIENT */;
/*!40101 SET @OLD_CHARACTER_SET_RESULTS=@@CHARACTER_SET_RESULTS */;
/*!40101 SET @OLD_COLLATION_CONNECTION=@@COLLATION_CONNECTION */;
/*!40101 SET NAMES utf8 */;

--
-- Base de datos: `waveline3`
--

-- --------------------------------------------------------

--
-- Estructura de tabla para la tabla `brand`
--

CREATE TABLE IF NOT EXISTS `brand` (
`brand_id` int(11) NOT NULL,
  `name` varchar(250) NOT NULL,
  `status_value` tinyint(1) DEFAULT NULL,
  `created_at` datetime DEFAULT NULL,
  `created_by` int(11) DEFAULT NULL,
  `updated_at` datetime DEFAULT NULL,
  `updated_by` int(11) DEFAULT NULL
) ENGINE=MyISAM  DEFAULT CHARSET=latin1 AUTO_INCREMENT=26 ;

--
-- Volcado de datos para la tabla `brand`
--

INSERT INTO `brand` (`brand_id`, `name`, `status_value`, `created_at`, `created_by`, `updated_at`, `updated_by`) VALUES
(1, 'Nike', 1, '2014-10-10 20:59:21', 1, NULL, NULL),
(2, 'Adidas', 1, '2014-10-11 18:54:35', 1, NULL, NULL),
(3, 'Puma', 1, '2014-10-10 20:59:45', 1, NULL, NULL),
(4, 'Reebok', 1, '2014-10-11 18:54:54', 1, NULL, NULL),
(5, 'EI FI', 1, '2014-10-22 06:21:51', 1, NULL, NULL),
(6, 'Natania', 1, '2014-10-22 05:17:08', 1, NULL, NULL),
(7, 'Baruck', 1, '2014-10-29 01:49:35', 1, NULL, NULL),
(8, 'Varios', 1, '2014-10-29 04:44:31', 1, NULL, NULL),
(9, 'Hydrogel', 1, '2014-10-31 18:23:35', 1, NULL, NULL),
(10, 'Fashion Line', 1, '2014-11-13 22:31:20', 1, NULL, NULL),
(11, 'Riff Andros', 1, '2015-01-28 15:57:12', 1, NULL, NULL),
(12, 'bvd', 1, '2015-01-28 15:57:26', 1, NULL, NULL),
(13, 'Hard Boy', 1, '2015-01-28 19:28:10', 1, NULL, NULL),
(14, 'Sapolio', 1, '2015-03-16 02:08:11', 1, NULL, NULL),
(15, 'Pato', 1, '2015-03-16 02:52:23', 1, NULL, NULL),
(16, 'Virutex', 1, '2015-03-16 02:58:30', 1, NULL, NULL),
(17, 'Scotch Brite', 1, '2015-03-16 03:12:46', 1, NULL, NULL),
(18, 'Aval', 1, '2015-03-16 03:16:03', 1, NULL, NULL),
(19, 'Protex', 1, '2015-03-16 15:32:25', 1, NULL, NULL),
(20, 'Neko', 1, '2015-03-16 15:37:06', 1, NULL, NULL),
(21, 'Scott', 1, '2015-03-16 15:41:16', 1, NULL, NULL),
(22, 'Colgate', 1, '2015-03-16 15:44:50', 1, NULL, NULL),
(23, 'Amor', 1, '2015-03-16 16:19:26', 1, NULL, NULL),
(24, 'Bolivar', 1, '2015-03-16 16:22:16', 1, NULL, NULL),
(25, 'Martell', 1, '2015-03-18 18:38:34', 1, NULL, NULL);

-- --------------------------------------------------------

--
-- Estructura de tabla para la tabla `brand_categories`
--

CREATE TABLE IF NOT EXISTS `brand_categories` (
`brand_categories_id` int(11) NOT NULL,
  `categories_kind_id` int(11) NOT NULL DEFAULT '0',
  `brand_id` int(11) NOT NULL DEFAULT '0',
  `id_category` int(11) DEFAULT NULL,
  `status_value` tinyint(1) DEFAULT NULL,
  `created_at` datetime DEFAULT NULL,
  `created_by` int(11) DEFAULT NULL,
  `updated_at` datetime DEFAULT NULL,
  `updated_by` int(11) DEFAULT NULL
) ENGINE=MyISAM  DEFAULT CHARSET=latin1 AUTO_INCREMENT=176 ;

--
-- Volcado de datos para la tabla `brand_categories`
--

INSERT INTO `brand_categories` (`brand_categories_id`, `categories_kind_id`, `brand_id`, `id_category`, `status_value`, `created_at`, `created_by`, `updated_at`, `updated_by`) VALUES
(1, 1, 2, 2, 1, '2014-10-11 19:21:47', 3, '2014-10-11 19:21:47', 3),
(2, 2, 2, 2, 1, '2014-10-13 22:54:27', 3, '2014-10-13 22:54:27', 3),
(3, 3, 2, 2, 1, '2014-10-11 19:53:04', 3, '2014-10-11 19:53:04', 3),
(4, 4, 2, 2, 1, '2014-10-11 19:59:46', 3, '2014-10-11 19:59:46', 3),
(5, 5, 1, 2, 1, '2014-10-11 20:06:38', 3, '2014-10-11 20:06:38', 3),
(6, 6, 2, 2, 1, '2014-10-11 21:28:39', 3, '2014-10-11 21:28:39', 3),
(7, 7, 2, 2, 1, '2014-10-11 21:32:36', 3, '2014-10-11 21:32:36', 3),
(8, 8, 2, 2, 1, '2014-10-11 23:07:00', 3, '2014-10-11 23:07:00', 3),
(9, 9, 2, 2, 1, '2014-10-11 22:46:04', 3, '2014-10-11 22:46:04', 3),
(10, 10, 1, 2, 1, '2014-10-11 22:59:40', 3, '2014-10-11 22:59:40', 3),
(11, 11, 1, 2, 1, '2014-10-11 21:56:34', 3, '2014-10-11 21:56:34', 3),
(12, 12, 1, 2, 1, '2014-10-11 22:00:20', 3, '2014-10-11 22:00:20', 3),
(13, 13, 3, 2, 1, '2014-10-11 22:58:27', 3, '2014-10-11 22:58:27', 3),
(14, 14, 3, 2, 1, '2014-10-11 22:20:49', 3, '2014-10-11 22:20:49', 3),
(15, 15, 3, 2, 1, '2014-10-11 23:01:45', 3, '2014-10-11 23:01:45', 3),
(16, 16, 2, 2, 1, '2014-10-11 23:15:23', 3, '2014-10-11 23:15:23', 3),
(17, 17, 2, 2, 1, '2014-10-11 23:53:16', 3, '2014-10-11 23:53:16', 3),
(18, 18, 1, 2, 1, '2014-10-13 23:01:58', 3, '2014-10-13 23:01:58', 3),
(19, 19, 1, 2, 1, '2014-10-11 23:41:47', 3, '2014-10-11 23:41:47', 3),
(20, 20, 2, 2, 1, '2014-10-13 20:00:38', 3, '2014-10-13 20:00:38', 3),
(21, 21, 2, 2, 1, '2014-10-13 20:02:02', 3, '2014-10-13 20:02:02', 3),
(22, 22, 2, 2, 1, '2014-10-13 20:22:23', 3, '2014-10-13 20:22:23', 3),
(23, 23, 1, 2, 1, '2014-10-13 20:26:01', 3, '2014-10-13 20:26:01', 3),
(24, 24, 1, 2, 1, '2014-10-13 20:29:55', 3, '2014-10-13 20:29:55', 3),
(25, 25, 1, 2, 1, '2014-10-13 20:33:34', 3, '2014-10-13 20:33:34', 3),
(26, 26, 3, 2, 1, '2014-10-13 20:42:28', 3, '2014-10-13 20:42:28', 3),
(27, 27, 3, 2, 1, '2014-10-13 22:48:20', 3, '2014-10-13 22:48:20', 3),
(28, 28, 2, 2, 1, '2014-10-13 22:09:53', 3, '2014-10-13 22:09:53', 3),
(29, 29, 3, 2, 1, '2014-10-13 22:55:30', 3, '2014-10-13 22:55:30', 3),
(30, 30, 3, 2, 1, '2014-10-13 23:20:12', 3, '2014-10-13 23:20:12', 3),
(31, 31, 3, 2, 1, '2014-10-14 00:13:27', 3, '2014-10-14 00:13:27', 3),
(32, 32, 3, 2, 1, '2014-10-15 21:10:03', 3, '2014-10-15 21:10:03', 3),
(33, 33, 3, 2, 1, '2014-10-15 22:10:58', 3, '2014-10-15 22:10:58', 3),
(34, 34, 3, 2, 1, '2014-10-15 22:23:28', 3, '2014-10-15 22:23:28', 3),
(35, 35, 3, 2, 1, '2014-10-15 22:28:29', 3, '2014-10-15 22:28:29', 3),
(36, 36, 3, 2, 1, '2014-10-15 23:25:03', 3, '2014-10-15 23:25:03', 3),
(37, 37, 3, 2, 1, '2014-10-18 19:31:26', 3, '2014-10-18 19:31:26', 3),
(38, 38, 3, 3, 1, '2014-10-21 06:54:33', 3, '2014-10-21 06:54:33', 3),
(39, 39, 4, 3, 1, '2014-10-19 00:11:50', 3, '2014-10-19 00:11:50', 3),
(40, 40, 4, 3, 1, '2014-10-18 23:38:54', 3, '2014-10-18 23:38:54', 3),
(41, 41, 3, 3, 1, '2014-10-21 03:31:50', 3, '2014-10-21 03:31:50', 3),
(42, 42, 3, 3, 1, '2014-10-21 03:26:41', 3, '2014-10-21 03:26:41', 3),
(43, 43, 3, 3, 1, '2014-10-21 03:51:34', 3, '2014-10-21 03:51:34', 3),
(44, 44, 3, 3, 1, '2014-10-21 04:06:42', 3, '2014-10-21 04:06:42', 3),
(45, 45, 2, 2, 1, '2014-10-21 04:55:41', 3, '2014-10-21 04:55:41', 3),
(46, 46, 3, 3, 1, '2014-10-21 05:15:04', 3, '2014-10-21 05:15:04', 3),
(47, 47, 3, 2, 1, '2014-10-21 05:24:18', 3, '2014-10-21 05:24:18', 3),
(48, 48, 3, 2, 1, '2014-10-21 07:19:56', 3, '2014-10-21 07:19:56', 3),
(49, 49, 5, 3, 1, '2014-10-22 06:28:04', 3, '2014-10-22 06:28:04', 3),
(50, 50, 5, 3, 1, '2014-10-22 06:50:03', 3, '2014-10-22 06:50:03', 3),
(51, 51, 5, 3, 1, '2014-10-22 06:55:40', 3, '2014-10-22 06:55:40', 3),
(52, 52, 5, 3, 1, '2014-10-22 07:06:26', 3, '2014-10-22 07:06:26', 3),
(53, 53, 5, 3, 1, '2014-10-22 18:44:13', 3, '2014-10-22 18:44:13', 3),
(54, 54, 6, 3, 1, '2014-10-23 22:53:04', 3, '2014-10-23 22:53:04', 3),
(55, 55, 6, 3, 1, '2014-10-23 22:41:08', 3, '2014-10-23 22:41:08', 3),
(56, 56, 6, 3, 1, '2014-10-25 07:10:14', 3, '2014-10-25 07:10:14', 3),
(57, 57, 6, 3, 1, '2014-10-25 07:13:16', 3, '2014-10-25 07:13:16', 3),
(58, 58, 3, 3, 1, '2015-01-06 13:37:14', 3, '2015-01-06 13:37:14', 3),
(59, 59, 3, 3, 0, '2014-10-28 22:24:29', 3, '2014-10-28 22:24:29', 3),
(60, 60, 3, 3, 0, '2014-10-28 22:25:45', 3, '2014-10-28 22:25:45', 3),
(61, 61, 3, 3, 0, '2014-10-28 22:27:29', 3, '2014-10-28 22:27:29', 3),
(62, 62, 3, 3, 1, '2014-10-29 04:33:05', 3, '2014-10-29 04:33:05', 3),
(63, 63, 7, 3, 1, '2014-10-29 02:02:01', 2, '2014-10-29 02:02:01', 2),
(64, 64, 8, 5, 1, '2014-11-05 05:26:02', 3, '2014-11-05 05:26:02', 3),
(65, 65, 0, 0, 0, '2014-10-29 05:15:49', 3, '2014-10-29 05:15:49', 3),
(66, 66, 0, 0, 0, '2014-10-29 05:15:49', 3, '2014-10-29 05:15:49', 3),
(67, 67, 2, 3, 1, '2014-10-30 23:34:45', 3, '2014-10-30 23:34:45', 3),
(68, 68, 2, 3, 1, '2014-10-30 21:39:37', 3, '2014-10-30 21:39:37', 3),
(69, 69, 2, 3, 1, '2014-10-30 21:57:30', 3, '2014-10-30 21:57:30', 3),
(70, 70, 2, 3, 0, '2014-11-06 06:05:21', 3, '2014-11-06 06:05:21', 3),
(71, 71, 2, 3, 1, '2014-10-30 23:32:18', 3, '2014-10-30 23:32:18', 3),
(72, 72, 1, 3, 1, '2014-10-31 00:41:47', 3, '2014-10-31 00:41:47', 3),
(73, 73, 1, 3, 0, '2014-11-06 06:04:46', 3, '2014-11-06 06:04:46', 3),
(74, 74, 2, 3, 0, '2014-11-06 05:59:21', 3, '2014-11-06 05:59:21', 3),
(75, 75, 2, 3, 1, '2014-10-31 01:45:59', 3, '2014-10-31 01:45:59', 3),
(76, 76, 2, 3, 1, '2014-10-31 02:21:31', 3, '2014-10-31 02:21:31', 3),
(77, 77, 2, 3, 1, '2014-10-31 02:45:37', 3, '2014-10-31 02:45:37', 3),
(78, 78, 3, 3, 1, '2014-10-31 03:18:40', 3, '2014-10-31 03:18:40', 3),
(79, 79, 3, 3, 1, '2015-01-06 13:33:17', 3, '2015-01-06 13:33:17', 3),
(80, 80, 2, 3, 1, '2014-10-31 04:02:39', 3, '2014-10-31 04:02:39', 3),
(81, 81, 3, 3, 1, '2014-10-31 04:53:13', 3, '2014-10-31 04:53:13', 3),
(82, 82, 8, 5, 1, '2014-11-05 05:28:45', 3, '2014-11-05 05:28:45', 3),
(83, 83, 8, 5, 1, '2014-11-05 05:27:42', 3, '2014-11-05 05:27:42', 3),
(84, 84, 3, 3, 1, '2014-10-31 05:34:32', 3, '2014-10-31 05:34:32', 3),
(85, 85, 9, 6, 1, '2014-11-18 22:44:11', 2, '2014-11-18 22:44:11', 2),
(86, 86, 9, 6, 1, '2014-11-18 21:40:42', 2, '2014-11-18 21:40:42', 2),
(87, 87, 9, 6, 1, '2014-11-18 21:44:47', 2, '2014-11-18 21:44:47', 2),
(88, 88, 9, 6, 1, '2014-10-31 22:50:44', 3, '2014-10-31 22:50:44', 3),
(89, 89, 8, 5, 1, '2014-11-11 23:06:03', 3, '2014-11-11 23:06:03', 3),
(90, 90, 3, 3, 1, '2014-11-12 16:16:49', 3, '2014-11-12 16:16:49', 3),
(91, 91, 10, 3, 1, '2014-11-13 22:44:20', 3, '2014-11-13 22:44:20', 3),
(92, 92, 8, 3, 1, '2014-11-13 23:04:13', 3, '2014-11-13 23:04:13', 3),
(93, 93, 8, 3, 0, '2014-11-14 04:44:54', 3, '2014-11-14 04:44:54', 3),
(94, 94, 8, 3, 1, '2014-11-14 04:46:57', 3, '2014-11-14 04:46:57', 3),
(95, 95, 8, 3, 1, '2014-11-14 04:56:22', 3, '2014-11-14 04:56:22', 3),
(96, 96, 1, 3, 1, '2014-11-18 04:37:07', 3, '2014-11-18 04:37:07', 3),
(97, 97, 8, 3, 1, '2014-11-18 05:01:45', 3, '2014-11-18 05:01:45', 3),
(98, 98, 8, 3, 1, '2014-11-18 06:13:30', 3, '2014-11-18 06:13:30', 3),
(99, 99, 8, 3, 1, '2014-11-18 06:33:15', 3, '2014-11-18 06:33:15', 3),
(100, 100, 8, 5, 1, '2014-11-19 04:44:14', 3, '2014-11-19 04:44:14', 3),
(101, 101, 8, 5, 1, '2014-11-19 04:44:16', 3, '2014-11-19 04:44:16', 3),
(102, 102, 8, 7, 0, '2015-01-16 15:25:29', 3, '2015-01-16 15:25:29', 3),
(103, 103, 8, 7, 0, '2015-01-16 15:24:54', 3, '2015-01-16 15:24:54', 3),
(104, 104, 8, 7, 0, '2015-01-16 15:26:00', 3, '2015-01-16 15:26:00', 3),
(105, 105, 2, 2, 1, '2014-12-17 00:31:04', 3, '2014-12-17 00:31:04', 3),
(106, 106, 2, 2, 1, '2014-12-17 00:36:50', 3, '2014-12-17 00:36:50', 3),
(107, 107, 6, 3, 0, '2015-01-16 01:40:50', 2, '2015-01-16 01:40:50', 2),
(108, 108, 8, 7, 0, '2015-01-16 15:24:11', 3, '2015-01-16 15:24:11', 3),
(109, 109, 8, 7, 0, '2014-12-26 03:33:55', 3, '2014-12-26 03:33:55', 3),
(110, 110, 8, 7, 0, '2014-12-26 03:34:58', 3, '2014-12-26 03:34:58', 3),
(111, 111, 8, 7, 0, '2014-12-26 03:37:08', 3, '2014-12-26 03:37:08', 3),
(112, 112, 8, 7, 1, '2015-01-23 16:04:40', 2, '2015-01-23 16:04:40', 2),
(113, 113, 6, 3, 1, '2015-01-16 00:47:20', 2, '2015-01-16 00:47:20', 2),
(114, 114, 6, 3, 1, '2015-01-16 01:44:30', 2, '2015-01-16 01:44:30', 2),
(115, 115, 6, 3, 1, '2015-01-16 02:39:25', 2, '2015-01-16 02:39:25', 2),
(116, 116, 8, 7, 0, '2015-03-30 22:10:18', 2, '2015-03-30 22:10:18', 2),
(117, 117, 8, 7, 0, '2015-03-14 17:07:05', 2, '2015-03-14 17:07:05', 2),
(118, 118, 8, 7, 0, '2015-01-16 16:00:10', 3, '2015-01-16 16:00:10', 3),
(119, 119, 8, 7, 1, '2015-01-16 16:03:00', 3, '2015-01-16 16:03:00', 3),
(120, 120, 8, 7, 0, '2015-03-30 22:13:30', 2, '2015-03-30 22:13:30', 2),
(121, 121, 8, 7, 1, '2015-01-16 16:25:59', 3, '2015-01-16 16:25:59', 3),
(122, 122, 8, 7, 0, '2015-01-16 16:26:25', 3, '2015-01-16 16:26:25', 3),
(123, 123, 8, 7, 1, '2015-01-16 16:32:12', 3, '2015-01-16 16:32:12', 3),
(124, 124, 8, 7, 1, '2015-01-23 05:54:55', 3, '2015-01-23 05:54:55', 3),
(125, 125, 8, 7, 1, '2015-01-16 16:45:02', 3, '2015-01-16 16:45:02', 3),
(126, 126, 8, 7, 1, '2015-01-16 16:47:39', 3, '2015-01-16 16:47:39', 3),
(127, 127, 8, 7, 1, '2015-01-16 16:52:20', NULL, '2015-01-16 16:52:20', NULL),
(128, 128, 6, 3, 1, '2015-01-22 19:17:22', 2, '2015-01-22 19:17:22', 2),
(129, 129, 5, 3, 1, '2015-01-22 20:18:04', 2, '2015-01-22 20:18:04', 2),
(130, 130, 8, 7, 1, '2015-01-23 05:23:51', 3, '2015-01-23 05:23:51', 3),
(131, 131, 8, 7, 0, '2015-01-23 05:31:46', 3, '2015-01-23 05:31:46', 3),
(132, 132, 8, 7, 1, '2015-01-23 05:46:13', 3, '2015-01-23 05:46:13', 3),
(133, 133, 8, 7, 1, '2015-01-23 05:49:08', 3, '2015-01-23 05:49:08', 3),
(134, 134, 8, 7, 1, '2015-01-28 20:03:49', 2, '2015-01-28 20:03:49', 2),
(135, 135, 8, 7, 1, '2015-01-23 05:57:22', 3, '2015-01-23 05:57:22', 3),
(136, 136, 8, 7, 1, '2015-03-14 17:13:54', 2, '2015-03-14 17:13:54', 2),
(137, 137, 8, 7, 1, '2015-03-14 17:13:22', 2, '2015-03-14 17:13:22', 2),
(138, 138, 8, 7, 1, '2015-03-14 17:12:36', 2, '2015-03-14 17:12:36', 2),
(139, 139, 8, 7, 1, '2015-03-14 17:11:38', 2, '2015-03-14 17:11:38', 2),
(140, 140, 8, 3, 1, '2015-01-23 16:30:38', 2, '2015-01-23 16:30:38', 2),
(141, 141, 8, 3, 1, '2015-01-23 16:56:16', 2, '2015-01-23 16:56:16', 2),
(142, 142, 8, 3, 1, '2015-01-23 17:18:26', 2, '2015-01-23 17:18:26', 2),
(143, 143, 8, 3, 1, '2015-01-23 17:30:34', 2, '2015-01-23 17:30:34', 2),
(144, 144, 0, 0, 0, '2015-01-23 18:08:08', 3, '2015-01-23 18:08:08', 3),
(145, 145, 11, 3, 1, '2015-01-28 17:11:39', 2, '2015-01-28 17:11:39', 2),
(146, 146, 11, 3, 1, '2015-03-09 22:49:25', 2, '2015-03-09 22:49:25', 2),
(147, 147, 13, 3, 1, '2015-01-28 19:33:35', 2, '2015-01-28 19:33:35', 2),
(148, 148, 8, 3, 1, '2015-01-28 20:55:49', NULL, '2015-01-28 20:55:49', NULL),
(149, 149, 0, 0, 0, '2015-01-28 22:37:39', 2, '2015-01-28 22:37:39', 2),
(150, 150, 8, 3, 0, '2015-03-15 16:08:30', 2, '2015-03-15 16:08:30', 2),
(151, 151, 8, 3, 1, '2015-01-28 22:51:55', 2, '2015-01-28 22:51:55', 2),
(152, 152, 8, 3, 1, '2015-01-28 23:02:22', 2, '2015-01-28 23:02:22', 2),
(153, 153, 8, 3, 1, '2015-02-06 23:34:27', 2, '2015-02-06 23:34:27', 2),
(154, 154, 8, 3, 1, '2015-02-06 23:34:34', 2, '2015-02-06 23:34:34', 2),
(155, 155, 8, 3, 1, '2015-02-24 03:16:43', 3, '2015-02-24 03:16:43', 3),
(156, 156, 14, 5, 1, '2015-03-16 02:11:59', 2, '2015-03-16 02:11:59', 2),
(157, 157, 14, 5, 1, '2015-03-16 02:16:31', 2, '2015-03-16 02:16:31', 2),
(158, 158, 14, 5, 1, '2015-03-16 02:23:18', 2, '2015-03-16 02:23:18', 2),
(159, 159, 14, 5, 1, '2015-03-16 02:49:54', 2, '2015-03-16 02:49:54', 2),
(160, 160, 15, 5, 1, '2015-03-16 02:56:35', 2, '2015-03-16 02:56:35', 2),
(161, 161, 16, 5, 1, '2015-03-16 03:04:23', 2, '2015-03-16 03:04:23', 2),
(162, 162, 14, 5, 1, '2015-03-16 03:09:44', 2, '2015-03-16 03:09:44', 2),
(163, 163, 17, 5, 1, '2015-03-16 03:15:04', 2, '2015-03-16 03:15:04', 2),
(164, 164, 18, 5, 1, '2015-03-16 03:18:35', 2, '2015-03-16 03:18:35', 2),
(165, 165, 16, 5, 1, '2015-03-16 15:27:04', 2, '2015-03-16 15:27:04', 2),
(166, 166, 14, 5, 1, '2015-03-16 15:29:17', 2, '2015-03-16 15:29:17', 2),
(167, 167, 19, 5, 1, '2015-03-16 15:36:08', 2, '2015-03-16 15:36:08', 2),
(168, 168, 20, 5, 1, '2015-03-16 15:39:16', 2, '2015-03-16 15:39:16', 2),
(169, 169, 21, 5, 1, '2015-03-16 15:42:47', 2, '2015-03-16 15:42:47', 2),
(170, 170, 22, 5, 1, '2015-03-16 15:47:13', 2, '2015-03-16 15:47:13', 2),
(171, 171, 14, 5, 1, '2015-03-16 16:17:49', 2, '2015-03-16 16:17:49', 2),
(172, 172, 23, 5, 1, '2015-03-16 16:21:54', 2, '2015-03-16 16:21:54', 2),
(173, 173, 24, 5, 1, '2015-03-16 16:24:01', 2, '2015-03-16 16:24:01', 2),
(174, 174, 8, 5, 1, '2015-03-16 16:28:33', 2, '2015-03-16 16:28:33', 2),
(175, 175, 25, 5, 1, '2015-03-18 18:41:32', 2, '2015-03-18 18:41:32', 2);

-- --------------------------------------------------------

--
-- Estructura de tabla para la tabla `categories`
--

CREATE TABLE IF NOT EXISTS `categories` (
`id_category` int(11) NOT NULL,
  `name` varchar(250) NOT NULL DEFAULT '0',
  `observation` text NOT NULL,
  `size` tinyint(1) NOT NULL,
  `status_value` tinyint(1) NOT NULL DEFAULT '0',
  `created_at` datetime NOT NULL DEFAULT '0000-00-00 00:00:00',
  `created_by` int(11) NOT NULL DEFAULT '0',
  `updated_at` datetime NOT NULL DEFAULT '0000-00-00 00:00:00',
  `updated_by` int(11) NOT NULL DEFAULT '0'
) ENGINE=MyISAM  DEFAULT CHARSET=latin1 AUTO_INCREMENT=8 ;

--
-- Volcado de datos para la tabla `categories`
--

INSERT INTO `categories` (`id_category`, `name`, `observation`, `size`, `status_value`, `created_at`, `created_by`, `updated_at`, `updated_by`) VALUES
(2, 'ZAPATILLAS', '', 1, 1, '2015-01-12 21:44:22', 2, '2015-01-12 21:44:22', 2),
(3, 'ROPA', '', 1, 1, '2014-10-16 23:05:13', 3, '2014-10-16 23:05:13', 3),
(4, 'TECNOLOGÍA', '', 0, 0, '2014-10-25 07:14:07', 3, '2014-10-25 07:14:07', 3),
(5, 'LIMPIEZA', '', 0, 1, '2014-10-29 04:43:42', 3, '2014-10-29 04:43:42', 3),
(6, 'BELLEZA', '', 0, 1, '2014-10-31 18:22:21', 3, '2014-10-31 18:22:21', 3),
(7, 'ABARROTES', '', 0, 1, '2014-11-29 17:41:28', 2, '2014-11-29 17:41:28', 2);

-- --------------------------------------------------------

--
-- Estructura de tabla para la tabla `categories_kind`
--

CREATE TABLE IF NOT EXISTS `categories_kind` (
`categories_kind_id` int(11) NOT NULL,
  `id_category` int(11) DEFAULT NULL,
  `product_id` int(11) DEFAULT NULL,
  `category_name` varchar(50) NOT NULL,
  `observation` text,
  `status_value` tinyint(1) DEFAULT NULL,
  `created_at` datetime DEFAULT NULL,
  `created_by` int(11) DEFAULT NULL,
  `updated_at` datetime DEFAULT NULL,
  `updated_by` int(11) DEFAULT NULL
) ENGINE=MyISAM  DEFAULT CHARSET=latin1 AUTO_INCREMENT=176 ;

--
-- Volcado de datos para la tabla `categories_kind`
--

INSERT INTO `categories_kind` (`categories_kind_id`, `id_category`, `product_id`, `category_name`, `observation`, `status_value`, `created_at`, `created_by`, `updated_at`, `updated_by`) VALUES
(1, 2, 1, 'Mujeres', NULL, 1, '2014-10-11 19:21:46', 3, '2014-10-11 19:21:46', 3),
(2, 2, 2, 'Mujeres', NULL, 1, '2014-10-13 22:54:27', 3, '2014-10-13 22:54:27', 3),
(3, 2, 3, 'Mujeres', NULL, 1, '2014-10-11 19:53:04', 3, '2014-10-11 19:53:04', 3),
(4, 2, 4, 'Mujeres', NULL, 1, '2014-10-11 19:59:46', 3, '2014-10-11 19:59:46', 3),
(5, 2, 5, 'Mujeres', NULL, 1, '2014-10-11 20:06:38', 3, '2014-10-11 20:06:38', 3),
(6, 2, 6, 'Mujeres', NULL, 1, '2014-10-11 21:28:39', 3, '2014-10-11 21:28:39', 3),
(7, 2, 7, 'Mujeres', NULL, 1, '2014-10-11 21:32:36', 3, '2014-10-11 21:32:36', 3),
(8, 2, 8, 'Mujeres', NULL, 1, '2014-10-11 23:07:00', 3, '2014-10-11 23:07:00', 3),
(9, 2, 9, 'Mujeres', NULL, 1, '2014-10-11 22:46:04', 3, '2014-10-11 22:46:04', 3),
(10, 2, 10, 'Mujeres', NULL, 1, '2014-10-11 22:59:40', 3, '2014-10-11 22:59:40', 3),
(11, 2, 11, 'Mujeres', NULL, 1, '2014-10-11 21:56:34', 3, '2014-10-11 21:56:34', 3),
(12, 2, 12, 'Mujeres', NULL, 1, '2014-10-11 22:00:20', 3, '2014-10-11 22:00:20', 3),
(13, 2, 13, 'Mujeres', NULL, 1, '2014-10-11 22:58:27', 3, '2014-10-11 22:58:27', 3),
(14, 2, 14, 'Mujeres', NULL, 1, '2014-10-11 22:20:49', 3, '2014-10-11 22:20:49', 3),
(15, 2, 15, 'Mujeres', NULL, 1, '2014-10-11 23:01:45', 3, '2014-10-11 23:01:45', 3),
(16, 2, 16, 'Hombres', NULL, 1, '2014-10-11 23:15:23', 3, '2014-10-11 23:15:23', 3),
(17, 2, 17, 'Hombres', NULL, 1, '2014-10-11 23:53:16', 3, '2014-10-11 23:53:16', 3),
(18, 2, 18, 'Hombres', NULL, 1, '2014-10-13 23:01:58', 3, '2014-10-13 23:01:58', 3),
(19, 2, 19, 'Hombres', NULL, 1, '2014-10-11 23:41:47', 3, '2014-10-11 23:41:47', 3),
(20, 2, 20, 'Hombres', NULL, 1, '2014-10-13 20:00:38', 3, '2014-10-13 20:00:38', 3),
(21, 2, 21, 'Hombres', NULL, 1, '2014-10-13 20:02:02', 3, '2014-10-13 20:02:02', 3),
(22, 2, 22, 'Hombres', NULL, 1, '2014-10-13 20:22:23', 3, '2014-10-13 20:22:23', 3),
(23, 2, 23, 'Hombres', NULL, 1, '2014-10-13 20:26:01', 3, '2014-10-13 20:26:01', 3),
(24, 2, 24, 'Hombres', NULL, 1, '2014-10-13 20:29:55', 3, '2014-10-13 20:29:55', 3),
(25, 2, 25, 'Hombres', NULL, 1, '2014-10-13 20:33:34', 3, '2014-10-13 20:33:34', 3),
(26, 2, 26, 'Hombres', NULL, 1, '2014-10-13 20:42:28', 3, '2014-10-13 20:42:28', 3),
(27, 2, 27, 'Hombres', NULL, 1, '2014-10-13 22:48:20', 3, '2014-10-13 22:48:20', 3),
(28, 2, 28, 'Hombres', NULL, 1, '2014-10-13 22:09:53', 3, '2014-10-13 22:09:53', 3),
(29, 2, 29, 'Hombres', NULL, 1, '2014-10-13 22:55:30', 3, '2014-10-13 22:55:30', 3),
(30, 2, 30, 'Hombres', NULL, 1, '2014-10-13 23:20:12', 3, '2014-10-13 23:20:12', 3),
(31, 2, 31, 'Hombres', NULL, 1, '2014-10-14 00:13:27', 3, '2014-10-14 00:13:27', 3),
(32, 2, 32, 'Hombres', NULL, 1, '2014-10-15 21:10:03', 3, '2014-10-15 21:10:03', 3),
(33, 2, 33, 'Hombres', NULL, 1, '2014-10-15 22:10:58', 3, '2014-10-15 22:10:58', 3),
(34, 2, 34, 'Hombres', NULL, 1, '2014-10-15 22:23:28', 3, '2014-10-15 22:23:28', 3),
(35, 2, 35, 'Hombres', NULL, 1, '2014-10-15 22:28:29', 3, '2014-10-15 22:28:29', 3),
(36, 2, 36, 'Mujeres', NULL, 1, '2014-10-15 23:25:03', 3, '2014-10-15 23:25:03', 3),
(37, 2, 37, 'Mujeres', NULL, 1, '2014-10-18 19:31:26', 3, '2014-10-18 19:31:26', 3),
(38, 3, 38, 'Hombres', NULL, 1, '2014-10-21 06:54:33', 3, '2014-10-21 06:54:33', 3),
(39, 3, 39, 'Hombres', NULL, 1, '2014-10-19 00:11:50', 3, '2014-10-19 00:11:50', 3),
(40, 3, 40, 'Hombres', NULL, 1, '2014-10-18 23:38:54', 3, '2014-10-18 23:38:54', 3),
(41, 3, 41, 'Hombres', NULL, 1, '2014-10-21 03:31:50', 3, '2014-10-21 03:31:50', 3),
(42, 3, 42, 'Hombres', NULL, 1, '2014-10-21 03:26:41', 3, '2014-10-21 03:26:41', 3),
(43, 3, 43, 'Hombres', NULL, 1, '2014-10-21 03:51:34', 3, '2014-10-21 03:51:34', 3),
(44, 3, 44, 'Hombres', NULL, 1, '2014-10-21 04:06:42', 3, '2014-10-21 04:06:42', 3),
(45, 2, 45, 'Mujeres', NULL, 1, '2014-10-21 04:55:41', 3, '2014-10-21 04:55:41', 3),
(46, 3, 46, 'Hombres', NULL, 1, '2014-10-21 05:15:04', 3, '2014-10-21 05:15:04', 3),
(47, 2, 47, 'Hombres', NULL, 1, '2014-10-21 05:24:18', 3, '2014-10-21 05:24:18', 3),
(48, 2, 48, 'Hombres', NULL, 1, '2014-10-21 07:19:56', 3, '2014-10-21 07:19:56', 3),
(49, 3, 49, 'Mujeres', NULL, 1, '2014-10-22 06:28:04', 3, '2014-10-22 06:28:04', 3),
(50, 3, 50, 'Mujeres', NULL, 1, '2014-10-22 06:50:03', 3, '2014-10-22 06:50:03', 3),
(51, 3, 51, 'Mujeres', NULL, 1, '2014-10-22 06:55:40', 3, '2014-10-22 06:55:40', 3),
(52, 3, 52, 'Mujeres', NULL, 1, '2014-10-22 07:06:26', 3, '2014-10-22 07:06:26', 3),
(53, 3, 53, 'Mujeres', NULL, 1, '2014-10-22 18:44:13', 3, '2014-10-22 18:44:13', 3),
(54, 3, 54, 'Mujeres', NULL, 1, '2014-10-23 22:53:04', 3, '2014-10-23 22:53:04', 3),
(55, 3, 55, 'Mujeres', NULL, 1, '2014-10-23 22:41:08', 3, '2014-10-23 22:41:08', 3),
(56, 3, 56, 'Mujeres', NULL, 1, '2014-10-25 07:10:14', 3, '2014-10-25 07:10:14', 3),
(57, 3, 57, 'Mujeres', NULL, 1, '2014-10-25 07:13:16', 3, '2014-10-25 07:13:16', 3),
(58, 3, 58, 'Mujeres', NULL, 1, '2015-01-06 13:37:14', 3, '2015-01-06 13:37:14', 3),
(59, 3, 59, 'Mujeres', NULL, 0, '2014-10-28 22:24:29', 3, '2014-10-28 22:24:29', 3),
(60, 3, 60, 'Mujeres', NULL, 0, '2014-10-28 22:25:45', 3, '2014-10-28 22:25:45', 3),
(61, 3, 61, 'Mujeres', NULL, 0, '2014-10-28 22:27:29', 3, '2014-10-28 22:27:29', 3),
(62, 3, 62, 'Mujeres', NULL, 1, '2014-10-29 04:33:05', 3, '2014-10-29 04:33:05', 3),
(63, 3, 63, 'Hombres', NULL, 1, '2014-10-29 02:02:01', 2, '2014-10-29 02:02:01', 2),
(64, 5, 64, 'Mixto', NULL, 1, '2014-11-05 05:26:02', 3, '2014-11-05 05:26:02', 3),
(65, 0, 65, '0', NULL, 0, '2014-10-29 05:15:49', 3, '2014-10-29 05:15:49', 3),
(66, 0, 66, '0', NULL, 0, '2014-10-29 05:15:49', 3, '2014-10-29 05:15:49', 3),
(67, 3, 67, 'Mujeres', NULL, 1, '2014-10-30 23:34:45', 3, '2014-10-30 23:34:45', 3),
(68, 3, 68, 'Hombres', NULL, 1, '2014-10-30 21:39:37', 3, '2014-10-30 21:39:37', 3),
(69, 3, 69, 'Hombres', NULL, 1, '2014-10-30 21:57:30', 3, '2014-10-30 21:57:30', 3),
(70, 3, 70, 'Hombres', NULL, 0, '2014-11-06 06:05:21', 3, '2014-11-06 06:05:21', 3),
(71, 3, 71, 'Hombres', NULL, 1, '2014-10-30 23:32:18', 3, '2014-10-30 23:32:18', 3),
(72, 3, 72, 'Hombres', NULL, 1, '2014-10-31 00:41:47', 3, '2014-10-31 00:41:47', 3),
(73, 3, 73, 'Hombres', NULL, 0, '2014-11-06 06:04:46', 3, '2014-11-06 06:04:46', 3),
(74, 3, 74, 'Hombres', NULL, 0, '2014-11-06 05:59:21', 3, '2014-11-06 05:59:21', 3),
(75, 3, 75, 'Mujeres', NULL, 1, '2014-10-31 01:45:59', 3, '2014-10-31 01:45:59', 3),
(76, 3, 76, 'Mujeres', NULL, 1, '2014-10-31 02:21:31', 3, '2014-10-31 02:21:31', 3),
(77, 3, 77, 'Mujeres', NULL, 1, '2014-10-31 02:45:37', 3, '2014-10-31 02:45:37', 3),
(78, 3, 78, 'Mujeres', NULL, 1, '2014-10-31 03:18:40', 3, '2014-10-31 03:18:40', 3),
(79, 3, 79, 'Mujeres', NULL, 1, '2015-01-06 13:33:17', 3, '2015-01-06 13:33:17', 3),
(80, 3, 80, 'Mujeres', NULL, 1, '2014-10-31 04:02:39', 3, '2014-10-31 04:02:39', 3),
(81, 3, 81, 'Mujeres', NULL, 1, '2014-10-31 04:53:13', 3, '2014-10-31 04:53:13', 3),
(82, 5, 82, 'Mixto', NULL, 1, '2014-11-05 05:28:45', 3, '2014-11-05 05:28:45', 3),
(83, 5, 83, 'Mixto', NULL, 1, '2014-11-05 05:27:42', 3, '2014-11-05 05:27:42', 3),
(84, 3, 84, 'Mujeres', NULL, 1, '2014-10-31 05:34:32', 3, '2014-10-31 05:34:32', 3),
(85, 6, 85, 'Mujeres', NULL, 1, '2014-11-18 22:44:11', 2, '2014-11-18 22:44:11', 2),
(86, 6, 86, 'Mujeres', NULL, 1, '2014-11-18 21:40:42', 2, '2014-11-18 21:40:42', 2),
(87, 6, 87, 'Mujeres', NULL, 1, '2014-11-18 21:44:47', 2, '2014-11-18 21:44:47', 2),
(88, 6, 88, 'Mujeres', NULL, 1, '2014-10-31 22:50:44', 3, '2014-10-31 22:50:44', 3),
(89, 5, 89, 'Mixto', NULL, 1, '2014-11-11 23:06:03', 3, '2014-11-11 23:06:03', 3),
(90, 3, 90, 'Mujeres', NULL, 1, '2014-11-12 16:16:49', 3, '2014-11-12 16:16:49', 3),
(91, 3, 91, 'Mujeres', NULL, 1, '2014-11-13 22:44:20', 3, '2014-11-13 22:44:20', 3),
(92, 3, 92, 'Mujeres', NULL, 1, '2014-11-13 23:04:13', 3, '2014-11-13 23:04:13', 3),
(93, 3, 93, 'Mujeres', NULL, 0, '2014-11-14 04:44:54', 3, '2014-11-14 04:44:54', 3),
(94, 3, 94, 'Mujeres', NULL, 1, '2014-11-14 04:46:57', 3, '2014-11-14 04:46:57', 3),
(95, 3, 95, 'Mujeres', NULL, 1, '2014-11-14 04:56:22', 3, '2014-11-14 04:56:22', 3),
(96, 3, 96, 'Mujeres', NULL, 1, '2014-11-18 04:37:07', 3, '2014-11-18 04:37:07', 3),
(97, 3, 97, 'Mujeres', NULL, 1, '2014-11-18 05:01:44', 3, '2014-11-18 05:01:44', 3),
(98, 3, 98, 'Mujeres', NULL, 1, '2014-11-18 06:13:30', 3, '2014-11-18 06:13:30', 3),
(99, 3, 99, 'Mujeres', NULL, 1, '2014-11-18 06:33:15', 3, '2014-11-18 06:33:15', 3),
(100, 5, 100, 'Mixto', NULL, 1, '2014-11-19 04:44:14', 3, '2014-11-19 04:44:14', 3),
(101, 5, 101, 'Mixto', NULL, 1, '2014-11-19 04:44:16', 3, '2014-11-19 04:44:16', 3),
(102, 7, 102, 'Mixto', NULL, 0, '2015-01-16 15:25:29', 3, '2015-01-16 15:25:29', 3),
(103, 7, 103, 'Mixto', NULL, 0, '2015-01-16 15:24:54', 3, '2015-01-16 15:24:54', 3),
(104, 7, 104, 'Mixto', NULL, 0, '2015-01-16 15:26:00', 3, '2015-01-16 15:26:00', 3),
(105, 2, 105, 'Hombres', NULL, 1, '2014-12-17 00:31:04', 3, '2014-12-17 00:31:04', 3),
(106, 2, 106, 'Hombres', NULL, 1, '2014-12-17 00:36:50', 3, '2014-12-17 00:36:50', 3),
(107, 3, 107, 'Mujeres', NULL, 0, '2015-01-16 01:40:50', 2, '2015-01-16 01:40:50', 2),
(108, 7, 108, 'Mixto', NULL, 0, '2015-01-16 15:24:11', 3, '2015-01-16 15:24:11', 3),
(109, 7, 109, 'Mixto', NULL, 0, '2014-12-26 03:33:55', 3, '2014-12-26 03:33:55', 3),
(110, 7, 110, 'Mixto', NULL, 0, '2014-12-26 03:34:58', 3, '2014-12-26 03:34:58', 3),
(111, 7, 111, 'Mixto', NULL, 0, '2014-12-26 03:37:08', 3, '2014-12-26 03:37:08', 3),
(112, 7, 112, 'Mixto', NULL, 1, '2015-01-23 16:04:40', 2, '2015-01-23 16:04:40', 2),
(113, 3, 113, 'Mujeres', NULL, 1, '2015-01-16 00:47:20', 2, '2015-01-16 00:47:20', 2),
(114, 3, 114, 'Mujeres', NULL, 1, '2015-01-16 01:44:30', 2, '2015-01-16 01:44:30', 2),
(115, 3, 115, 'Mujeres', NULL, 1, '2015-01-16 02:39:25', 2, '2015-01-16 02:39:25', 2),
(116, 7, 116, 'Mixto', NULL, 0, '2015-03-30 22:10:18', 2, '2015-03-30 22:10:18', 2),
(117, 7, 117, 'Mixto', NULL, 0, '2015-03-14 17:07:05', 2, '2015-03-14 17:07:05', 2),
(118, 7, 118, 'Mixto', NULL, 0, '2015-01-16 16:00:10', 3, '2015-01-16 16:00:10', 3),
(119, 7, 119, 'Mixto', NULL, 1, '2015-01-16 16:03:00', 3, '2015-01-16 16:03:00', 3),
(120, 7, 120, 'Mixto', NULL, 0, '2015-03-30 22:13:30', 2, '2015-03-30 22:13:30', 2),
(121, 7, 121, 'Mixto', NULL, 1, '2015-01-16 16:25:59', 3, '2015-01-16 16:25:59', 3),
(122, 7, 122, 'Mixto', NULL, 0, '2015-01-16 16:26:25', 3, '2015-01-16 16:26:25', 3),
(123, 7, 123, 'Mixto', NULL, 1, '2015-01-16 16:32:12', 3, '2015-01-16 16:32:12', 3),
(124, 7, 124, 'Mixto', NULL, 1, '2015-01-23 05:54:55', 3, '2015-01-23 05:54:55', 3),
(125, 7, 125, 'Mixto', NULL, 1, '2015-01-16 16:45:02', 3, '2015-01-16 16:45:02', 3),
(126, 7, 126, 'Mixto', NULL, 1, '2015-01-16 16:47:39', 3, '2015-01-16 16:47:39', 3),
(127, 7, 127, 'Mixto', NULL, 1, '2015-01-16 16:52:20', NULL, '2015-01-16 16:52:20', NULL),
(128, 3, 128, 'Mujeres', NULL, 1, '2015-01-22 19:17:22', 2, '2015-01-22 19:17:22', 2),
(129, 3, 129, 'Mujeres', NULL, 1, '2015-01-22 20:18:04', 2, '2015-01-22 20:18:04', 2),
(130, 7, 130, 'Mixto', NULL, 1, '2015-01-23 05:23:51', 3, '2015-01-23 05:23:51', 3),
(131, 7, 131, 'Mixto', NULL, 0, '2015-01-23 05:31:46', 3, '2015-01-23 05:31:46', 3),
(132, 7, 132, 'Mixto', NULL, 1, '2015-01-23 05:46:13', 3, '2015-01-23 05:46:13', 3),
(133, 7, 133, 'Mixto', NULL, 1, '2015-01-23 05:49:08', 3, '2015-01-23 05:49:08', 3),
(134, 7, 134, 'Mixto', NULL, 1, '2015-01-28 20:03:49', 2, '2015-01-28 20:03:49', 2),
(135, 7, 135, 'Mixto', NULL, 1, '2015-01-23 05:57:22', 3, '2015-01-23 05:57:22', 3),
(136, 7, 136, 'Mixto', NULL, 1, '2015-03-14 17:13:54', 2, '2015-03-14 17:13:54', 2),
(137, 7, 137, 'Mixto', NULL, 1, '2015-03-14 17:13:22', 2, '2015-03-14 17:13:22', 2),
(138, 7, 138, 'Mixto', NULL, 1, '2015-03-14 17:12:36', 2, '2015-03-14 17:12:36', 2),
(139, 7, 139, 'Mixto', NULL, 1, '2015-03-14 17:11:38', 2, '2015-03-14 17:11:38', 2),
(140, 3, 140, 'Mujeres', NULL, 1, '2015-01-23 16:30:38', 2, '2015-01-23 16:30:38', 2),
(141, 3, 141, 'Mujeres', NULL, 1, '2015-01-23 16:56:16', 2, '2015-01-23 16:56:16', 2),
(142, 3, 142, 'Mujeres', NULL, 1, '2015-01-23 17:18:26', 2, '2015-01-23 17:18:26', 2),
(143, 3, 143, 'Mujeres', NULL, 1, '2015-01-23 17:30:34', 2, '2015-01-23 17:30:34', 2),
(144, 0, 144, '0', NULL, 0, '2015-01-23 18:08:08', 3, '2015-01-23 18:08:08', 3),
(145, 3, 145, 'Hombres', NULL, 1, '2015-01-28 17:11:39', 2, '2015-01-28 17:11:39', 2),
(146, 3, 146, 'Hombres', NULL, 1, '2015-03-09 22:49:25', 2, '2015-03-09 22:49:25', 2),
(147, 3, 147, 'Hombres', NULL, 1, '2015-01-28 19:33:35', 2, '2015-01-28 19:33:35', 2),
(148, 3, 148, 'Mujeres', NULL, 1, '2015-01-28 20:55:49', NULL, '2015-01-28 20:55:49', NULL),
(149, 0, 149, '0', NULL, 0, '2015-01-28 22:37:39', 2, '2015-01-28 22:37:39', 2),
(150, 3, 150, 'Mujeres', NULL, 0, '2015-03-15 16:08:30', 2, '2015-03-15 16:08:30', 2),
(151, 3, 151, 'Mujeres', NULL, 1, '2015-01-28 22:51:55', 2, '2015-01-28 22:51:55', 2),
(152, 3, 152, 'Mujeres', NULL, 1, '2015-01-28 23:02:22', 2, '2015-01-28 23:02:22', 2),
(153, 3, 153, 'Mujeres', NULL, 1, '2015-02-06 23:34:27', 2, '2015-02-06 23:34:27', 2),
(154, 3, 154, 'Mujeres', NULL, 1, '2015-02-06 23:34:34', 2, '2015-02-06 23:34:34', 2),
(155, 3, 155, 'Mujeres', NULL, 1, '2015-02-24 03:16:43', 3, '2015-02-24 03:16:43', 3),
(156, 5, 156, 'Mixto', NULL, 1, '2015-03-16 02:11:59', 2, '2015-03-16 02:11:59', 2),
(157, 5, 157, 'Mixto', NULL, 1, '2015-03-16 02:16:31', 2, '2015-03-16 02:16:31', 2),
(158, 5, 158, 'Mixto', NULL, 1, '2015-03-16 02:23:18', 2, '2015-03-16 02:23:18', 2),
(159, 5, 159, 'Mixto', NULL, 1, '2015-03-16 02:49:54', 2, '2015-03-16 02:49:54', 2),
(160, 5, 160, 'Mixto', NULL, 1, '2015-03-16 02:56:35', 2, '2015-03-16 02:56:35', 2),
(161, 5, 161, 'Mixto', NULL, 1, '2015-03-16 03:04:23', 2, '2015-03-16 03:04:23', 2),
(162, 5, 162, 'Mixto', NULL, 1, '2015-03-16 03:09:44', 2, '2015-03-16 03:09:44', 2),
(163, 5, 163, 'Mixto', NULL, 1, '2015-03-16 03:15:04', 2, '2015-03-16 03:15:04', 2),
(164, 5, 164, 'Mixto', NULL, 1, '2015-03-16 03:18:35', 2, '2015-03-16 03:18:35', 2),
(165, 5, 165, 'Mixto', NULL, 1, '2015-03-16 15:27:04', 2, '2015-03-16 15:27:04', 2),
(166, 5, 166, 'Mixto', NULL, 1, '2015-03-16 15:29:17', 2, '2015-03-16 15:29:17', 2),
(167, 5, 167, 'Mixto', NULL, 1, '2015-03-16 15:36:08', 2, '2015-03-16 15:36:08', 2),
(168, 5, 168, 'Mixto', NULL, 1, '2015-03-16 15:39:16', 2, '2015-03-16 15:39:16', 2),
(169, 5, 169, 'Mujeres', NULL, 1, '2015-03-16 15:42:47', 2, '2015-03-16 15:42:47', 2),
(170, 5, 170, 'Mixto', NULL, 1, '2015-03-16 15:47:13', 2, '2015-03-16 15:47:13', 2),
(171, 5, 171, 'Mixto', NULL, 1, '2015-03-16 16:17:49', 2, '2015-03-16 16:17:49', 2),
(172, 5, 172, 'Mixto', NULL, 1, '2015-03-16 16:21:54', 2, '2015-03-16 16:21:54', 2),
(173, 5, 173, 'Kids', NULL, 1, '2015-03-16 16:24:01', 2, '2015-03-16 16:24:01', 2),
(174, 5, 174, 'Mixto', NULL, 1, '2015-03-16 16:28:33', 2, '2015-03-16 16:28:33', 2),
(175, 5, 175, 'Mixto', NULL, 1, '2015-03-18 18:41:32', 2, '2015-03-18 18:41:32', 2);

-- --------------------------------------------------------

--
-- Estructura de tabla para la tabla `comments`
--

CREATE TABLE IF NOT EXISTS `comments` (
`comment_id` int(11) NOT NULL,
  `product_id` int(11) DEFAULT NULL,
  `name` varchar(250) NOT NULL DEFAULT '0',
  `email` varchar(250) NOT NULL DEFAULT '0',
  `comment` text,
  `date_comment` datetime DEFAULT NULL,
  `status_value` tinyint(1) DEFAULT NULL,
  `created_at` datetime DEFAULT NULL,
  `created_by` int(11) DEFAULT NULL,
  `updated_at` datetime DEFAULT NULL,
  `updated_by` int(11) DEFAULT NULL
) ENGINE=MyISAM  DEFAULT CHARSET=latin1 AUTO_INCREMENT=10 ;

--
-- Volcado de datos para la tabla `comments`
--

INSERT INTO `comments` (`comment_id`, `product_id`, `name`, `email`, `comment`, `date_comment`, `status_value`, `created_at`, `created_by`, `updated_at`, `updated_by`) VALUES
(1, 27, 'Rolando Contreras', 'software.contreras@gmail.com', 'Quisiera saber si se puede conseguir por partes', '2014-10-13 23:14:53', 1, '2015-01-28 17:52:14', NULL, '2015-01-28 17:52:14', NULL),
(2, 42, 'Johne448', 'johne853@gmail.com', 'I really like your writing style, great info, thank you for putting up  dcgegkdbkabg', '2014-11-30 17:12:06', 0, NULL, NULL, NULL, NULL),
(3, 42, 'Johnc253', 'johnc685@gmail.com', 'certainly like your website however you have to check the spelling on several of your posts. Many of them are rife with spelling problems and I to find it very troublesome to inform the truth nevertheless I will surely come back again. kcdfkdddefge', '2014-11-30 17:12:14', 0, NULL, NULL, NULL, NULL),
(4, 42, 'Smithe202', 'smithe781@gmail.com', 'Hi there, I found your site by way of Google while searching for a comparable matter, your web site got here up, it looks good. I have bookmarked it in my google bookmarks. egdadkgefgeegfgb', '2014-11-30 17:12:46', 0, NULL, NULL, NULL, NULL),
(5, 142, 'karol garrido huarcaya', 'kamila_vida.20@hotmail.com', 'los productos de waveline estan de maravilla ', '2015-01-25 03:55:19', 1, '2015-01-28 17:50:00', NULL, '2015-01-28 17:50:00', NULL),
(6, 52, 'Charlix', 'isabellea64@hotmail.com', 'accutane causing psychiatric issues <a href=http://fast-isotretinoin.com>Accutane</a> accutane canada class actiondiscount viagra from canada <a href=http://fast-sildenafil.com>Buy Viagra</a> viagra drug classviagra isnt working <a href=http://newmedicforum.com>Buy Priligy</a> viagra gold onlinepropecia hair loss <a href=http://healthcarerxusa.com>Buy Propecia</a> buy propecia fda approvedchorionic gonadotropin clomid <a href=http://usfastmed.com>Buy Clomid</a> clomid and shortened cycles', '2015-03-04 13:21:47', 0, NULL, NULL, NULL, NULL),
(7, 146, 'Vinckayarge', 'shadwobeso@hotmail.com', 'levitra savings card <a href=http://fast-vardenafil.com>Levitra</a> levitra now onlineside effects diarrhea finasteride <a href=http://healthcarerxusa.com>Propecia</a> pless finasteridecialis bulletin board <a href=http://fast-tadalafil.com>Cialis Online</a> buy apcalis oral jelly billigorder viagra international ships <a href=http://shopnorxmed.com>Viagra Online</a> buy sildenafil viagrabrand cialis online pharmacy <a href=http://tadalafilfor.com>Buy Cialis Online</a> cialis online pay with paypal', '2015-03-06 13:05:36', 0, NULL, NULL, NULL, NULL),
(8, 52, 'Charlix', 'isabellea64@hotmail.com', 'viagra cocaine <a href=http://sildenafilusfor.com>Buy Viagra Online</a> most effective way to use viagracialis after radical prostatectomy <a href=http://fast-tadalafil.com>Buy Cialis Online</a> long term cialis usevardenafil levitra online <a href=http://fastshiplevitra.com>Levitra</a> levitra user reviewsusing arimidex and clomid together <a href=http://usfastmed.com>Clomid</a> does clomid lengthen the luteal phasegirl takes viagra <a href=http://shopnorxmed.com>Viagra</a> is generic viagra ok to use', '2015-03-10 16:16:05', 0, NULL, NULL, NULL, NULL),
(9, 146, 'Vinckayarge', 'shadwobeso@hotmail.com', 'buy viagra online at lowest price <a href=http://newmedicforum.com>Buy Priligy Online</a> viagra optionsbrand cialis buy online <a href=http://fastshipcialis.com>Cialis</a> cialis levitra vardenafillip balm moisturizer accutane <a href=http://fast-isotretinoin.com>Accutane</a> does accutane cause blindnesscialis cheap prices <a href=http://fast-tadalafil.com>Buy Cialis Online</a> cialis and prostate cancerlevitra side effects in men <a href=http://fast-vardenafil.com>Levitra</a> non generic levitra', '2015-03-11 17:53:47', 0, NULL, NULL, NULL, NULL);

-- --------------------------------------------------------

--
-- Estructura de tabla para la tabla `commissions`
--

CREATE TABLE IF NOT EXISTS `commissions` (
`commissions_id` int(11) NOT NULL,
  `parent_id` int(11) NOT NULL DEFAULT '0',
  `name` varchar(50) DEFAULT '0',
  `amount` decimal(10,2) DEFAULT '0.00',
  `date` date DEFAULT '0000-00-00',
  `status_value` tinyint(1) DEFAULT '0',
  `created_at` datetime DEFAULT NULL,
  `created_by` int(10) DEFAULT NULL,
  `updated_at` datetime DEFAULT NULL,
  `updated_by` int(10) DEFAULT NULL
) ENGINE=MyISAM  DEFAULT CHARSET=latin1 AUTO_INCREMENT=235 ;

--
-- Volcado de datos para la tabla `commissions`
--

INSERT INTO `commissions` (`commissions_id`, `parent_id`, `name`, `amount`, `date`, `status_value`, `created_at`, `created_by`, `updated_at`, `updated_by`) VALUES
(5, 1, 'Comisión por Referido', '19.00', '2014-10-22', 0, '2014-10-22 17:23:11', 3, '2014-10-22 17:23:11', 3),
(6, 1, 'Comisión por Referido', '8.00', '2015-01-05', 0, '2015-01-05 00:43:32', 4, '2015-01-05 00:43:32', 4),
(7, 2, 'Comisión por Referido', '8.00', '2015-01-05', 0, '2015-01-05 20:48:54', 6, '2015-01-05 20:48:54', 6),
(8, 5, 'Comisión por Referido', '8.00', '2015-01-05', 0, '2015-01-05 20:59:48', 7, '2015-01-05 20:59:48', 7),
(9, 6, 'Comisión por Referido', '8.00', '2015-01-05', 0, '2015-01-05 21:21:28', 8, '2015-01-05 21:21:28', 8),
(10, 8, 'Comisión por Referido', '8.00', '2015-01-05', 0, '2015-01-05 21:37:17', 9, '2015-01-05 21:37:17', 9),
(11, 9, 'Comisión por Referido', '18.31', '2014-10-28', 0, '2014-10-28 22:03:16', 10, '2014-10-28 22:03:16', 10),
(12, 7, 'Comisión por Referido', '8.00', '2015-01-05', 0, '2015-01-05 03:33:41', 11, '2015-01-05 03:33:41', 11),
(15, 11, 'Comisión por Referido', '8.00', '2015-01-05', 0, '2015-01-05 16:11:15', 14, '2015-01-05 16:11:15', 14),
(16, 11, 'Comisión por Referido', '8.00', '2015-01-05', 0, '2015-01-05 16:18:29', 15, '2015-01-05 16:18:29', 15),
(17, 2, 'Comisión por Referido', '8.40', '2014-10-29', 0, '2014-10-29 18:39:02', 16, '2014-10-29 18:39:02', 16),
(18, 14, 'Comisión por Referido', '5.20', '2014-10-27', 0, '2014-10-27 21:33:06', 17, '2014-10-27 21:33:06', 17),
(19, 2, 'Comisión por Referido', '73.00', '2014-10-28', 0, '2014-10-28 22:34:06', 18, '2014-10-28 22:34:06', 18),
(20, 14, 'Comisión por Referido', '8.00', '2014-11-08', 0, '2014-11-08 03:14:32', 19, '2014-11-08 03:14:32', 19),
(21, 16, 'Comisión por Referido', '7.20', '2014-11-11', 0, '2014-11-11 02:50:01', 20, '2014-11-11 02:50:01', 20),
(124, 2, 'Comisión por Compra', '23.20', '2014-11-11', 0, '2014-11-11 18:23:27', 18, NULL, NULL),
(24, 9, 'Comisión por Compra', '12.30', '2014-11-14', 0, '2014-11-14 04:21:05', 10, NULL, NULL),
(25, 9, 'Comisión por Compra', '3.60', '2014-11-14', 0, '2014-11-14 04:58:28', 10, NULL, NULL),
(26, 1, 'Comisión por Compra', '3.60', '2014-11-14', 0, '2014-11-14 05:03:04', 2, NULL, NULL),
(27, 7, 'Comisión por Referido', '8.00', '2015-01-05', 0, '2015-01-05 02:27:55', 21, '2015-01-05 02:27:55', 21),
(28, 7, 'Comisión por Referido', '8.00', '2015-01-05', 0, '2015-01-05 02:51:10', 22, '2015-01-05 02:51:10', 22),
(29, 19, 'Comisión por Referido', '5.40', '2014-11-17', 0, '2014-11-17 16:37:05', 23, '2014-11-17 16:37:05', 23),
(30, 19, 'Comisión por Referido', '8.00', '2015-01-05', 0, '2015-01-05 16:42:25', 24, '2015-01-05 16:42:25', 24),
(31, 10, 'Comisión por Referido', '8.00', '2015-01-05', 0, '2015-01-05 20:51:35', 25, '2015-01-05 20:51:35', 25),
(32, 25, 'Comisión por Referido', '15.20', '2014-11-17', 0, '2014-11-17 21:02:36', 26, '2014-11-17 21:02:36', 26),
(125, 2, 'Comisión por Compra', '3.60', '2014-11-17', 0, '2014-11-17 19:47:39', 18, NULL, NULL),
(126, 25, 'Comisión por Compra', '18.10', '2015-01-19', 0, '2015-01-19 20:07:33', 26, NULL, NULL),
(37, 10, 'Comisión por Compra', '7.50', '2014-11-18', 0, '2014-11-18 04:38:22', 25, NULL, NULL),
(115, 11, 'Comisión por Referido', '8.00', '2015-01-10', 0, '2015-01-10 01:49:32', 38, NULL, NULL),
(39, 10, 'Comisión por Compra', '4.80', '2014-11-18', 0, '2014-11-18 05:03:57', 25, NULL, NULL),
(40, 10, 'Comisión por Compra', '3.00', '2014-11-18', 0, '2014-11-18 06:15:10', 25, NULL, NULL),
(41, 2, 'Comisión por Compra', '3.00', '2014-11-18', 0, '2014-11-18 06:20:34', 18, NULL, NULL),
(42, 2, 'Comisión por Compra', '3.20', '2014-11-18', 0, '2014-11-18 06:34:42', 18, NULL, NULL),
(43, 23, 'Comisión por Referido', '8.00', '2015-01-05', 0, '2015-01-05 03:54:33', 28, NULL, NULL),
(44, 19, 'Comisión por Residuales', '0.12', '2015-01-05', 0, '2015-01-05 03:54:33', 28, NULL, NULL),
(45, 14, 'Comisión por Residuales', '0.12', '2015-01-05', 0, '2015-01-05 03:54:33', 28, NULL, NULL),
(46, 11, 'Comisión por Residuales', '0.12', '2015-01-05', 0, '2015-01-05 03:54:33', 28, NULL, NULL),
(47, 7, 'Comisión por Residuales', '0.12', '2015-01-05', 0, '2015-01-05 03:54:33', 28, NULL, NULL),
(48, 11, 'Comisión por Referido', '5.50', '2014-12-15', 0, '2014-12-15 18:15:19', 29, NULL, NULL),
(49, 7, 'Comisión por Residuales', '0.08', '2014-12-15', 0, '2014-12-15 18:15:19', 29, NULL, NULL),
(50, 5, 'Comisión por Residuales', '0.08', '2014-12-15', 0, '2014-12-15 18:15:19', 29, NULL, NULL),
(51, 7, 'Comisión por Referido', '8.00', '2015-01-05', 0, '2015-01-05 03:05:41', 30, NULL, NULL),
(52, 5, 'Comisión por Residuales', '0.12', '2014-11-23', 0, '2014-11-23 03:05:41', 30, NULL, NULL),
(53, 11, 'Comisión por Referido', '5.40', '2014-11-29', 0, '2014-11-29 20:31:11', 31, NULL, NULL),
(54, 7, 'Comisión por Residuales', '0.08', '2014-11-29', 0, '2014-11-29 20:31:11', 31, NULL, NULL),
(55, 5, 'Comisión por Residuales', '0.08', '2014-11-29', 0, '2014-11-29 20:31:11', 31, NULL, NULL),
(56, 11, 'Comisión por Referido', '4.40', '2014-12-01', 0, '2014-12-01 23:53:54', 32, NULL, NULL),
(57, 7, 'Comisión por Residuales', '0.07', '2014-12-01', 0, '2014-12-01 23:53:54', 32, NULL, NULL),
(58, 5, 'Comisión por Residuales', '0.07', '2014-12-01', 0, '2014-12-01 23:53:54', 32, NULL, NULL),
(59, 11, 'Comisión por Referido', '5.50', '2014-12-12', 0, '2014-12-12 01:19:08', 33, NULL, NULL),
(60, 7, 'Comisión por Residuales', '0.08', '2014-12-12', 0, '2014-12-12 01:19:08', 33, NULL, NULL),
(61, 5, 'Comisión por Residuales', '0.08', '2014-12-12', 0, '2014-12-12 01:19:08', 33, NULL, NULL),
(62, 28, 'Comisión por Referido', '4.40', '2014-12-13', 0, '2014-12-13 01:06:37', 34, NULL, NULL),
(63, 23, 'Comisión por Residuales', '0.07', '2014-12-13', 0, '2014-12-13 01:06:37', 34, NULL, NULL),
(64, 19, 'Comisión por Residuales', '0.07', '2014-12-13', 0, '2014-12-13 01:06:37', 34, NULL, NULL),
(65, 14, 'Comisión por Residuales', '0.07', '2014-12-13', 0, '2014-12-13 01:06:37', 34, NULL, NULL),
(66, 11, 'Comisión por Residuales', '0.07', '2014-12-13', 0, '2014-12-13 01:06:37', 34, NULL, NULL),
(67, 11, 'Comisión por Referido', '5.40', '2014-12-13', 0, '2014-12-13 01:14:19', 35, NULL, NULL),
(68, 7, 'Comisión por Residuales', '0.08', '2014-12-13', 0, '2014-12-13 01:14:19', 35, NULL, NULL),
(69, 5, 'Comisión por Residuales', '0.08', '2014-12-13', 0, '2014-12-13 01:14:19', 35, NULL, NULL),
(70, 1, 'Comisión por Compra', '5.50', '2014-11-29', 0, '2014-11-29 23:39:15', 2, NULL, NULL),
(71, 6, 'Comisión por Compra', '10.30', '2014-12-16', 0, '2014-12-16 23:42:07', 8, NULL, NULL),
(72, 2, 'Comisión por Compra', '5.50', '2014-12-16', 0, '2014-12-16 23:47:14', 6, NULL, NULL),
(73, 11, 'Comisión por Referido', '4.40', '2014-12-17', 0, '2014-12-17 03:32:29', 36, NULL, NULL),
(74, 7, 'Comisión por Residuales', '0.07', '2014-12-17', 0, '2014-12-17 03:32:29', 36, NULL, NULL),
(75, 5, 'Comisión por Residuales', '0.07', '2014-12-17', 0, '2014-12-17 03:32:29', 36, NULL, NULL),
(76, 11, 'Comisión por Compra', '8.80', '2014-12-17', 0, '2014-12-17 16:30:41', 14, NULL, NULL),
(77, 7, 'Comisión por Residuales', '0.13', '2014-12-17', 0, '2014-12-17 16:30:41', 14, NULL, NULL),
(78, 5, 'Comisión por Residuales', '0.13', '2014-12-17', 0, '2014-12-17 16:30:41', 14, NULL, NULL),
(79, 8, 'Comisión por Compra', '10.58', '2014-12-26', 0, '2014-12-26 02:45:07', 9, NULL, NULL),
(80, 6, 'Comisión por Residuales', '0.16', '2014-12-26', 0, '2014-12-26 02:45:07', 9, NULL, NULL),
(81, 2, 'Comisión por Residuales', '0.16', '2014-12-26', 0, '2014-12-26 02:45:07', 9, NULL, NULL),
(82, 11, 'Comisión por Compra', '15.70', '2014-12-29', 0, '2014-12-29 15:11:32', 14, NULL, NULL),
(83, 7, 'Comisión por Residuales', '0.24', '2014-12-29', 0, '2014-12-29 15:11:32', 14, NULL, NULL),
(84, 5, 'Comisión por Residuales', '0.24', '2014-12-29', 0, '2014-12-29 15:11:32', 14, NULL, NULL),
(85, 28, 'Comisión por Compra', '4.20', '2014-12-29', 0, '2014-12-29 15:35:18', 34, NULL, NULL),
(86, 23, 'Comisión por Residuales', '0.06', '2014-12-29', 0, '2014-12-29 15:35:19', 34, NULL, NULL),
(87, 19, 'Comisión por Residuales', '0.06', '2014-12-29', 0, '2014-12-29 15:35:19', 34, NULL, NULL),
(88, 14, 'Comisión por Residuales', '0.06', '2014-12-29', 0, '2014-12-29 15:35:19', 34, NULL, NULL),
(89, 11, 'Comisión por Residuales', '0.06', '2014-12-29', 0, '2014-12-29 15:35:19', 34, NULL, NULL),
(90, 11, 'Comisión por Compra', '6.40', '2014-12-29', 0, '2014-12-29 15:40:19', 14, NULL, NULL),
(91, 7, 'Comisión por Residuales', '0.10', '2014-12-29', 0, '2014-12-29 15:40:19', 14, NULL, NULL),
(92, 5, 'Comisión por Residuales', '0.10', '2014-12-29', 0, '2014-12-29 15:40:19', 14, NULL, NULL),
(93, 11, 'Comisión por Compra', '10.80', '2014-12-29', 0, '2014-12-29 15:45:41', 14, NULL, NULL),
(94, 7, 'Comisión por Residuales', '0.16', '2014-12-29', 0, '2014-12-29 15:45:41', 14, NULL, NULL),
(95, 5, 'Comisión por Residuales', '0.16', '2014-12-29', 0, '2014-12-29 15:45:41', 14, NULL, NULL),
(96, 11, 'Comisión por Referido', '7.60', '2014-12-29', 0, '2014-12-29 15:51:27', 37, NULL, NULL),
(97, 7, 'Comisión por Residuales', '0.11', '2014-12-29', 0, '2014-12-29 15:51:27', 37, NULL, NULL),
(98, 5, 'Comisión por Residuales', '0.11', '2014-12-29', 0, '2014-12-29 15:51:27', 37, NULL, NULL),
(99, 2, 'Comisión por Compra', '18.00', '2015-01-02', 0, '2015-01-02 23:22:15', 18, NULL, NULL),
(100, 2, 'Comisión por Compra', '5.29', '2015-01-02', 0, '2015-01-02 23:24:10', 16, NULL, NULL),
(101, 16, 'Comisión por Compra', '8.40', '2015-01-02', 0, '2015-01-02 23:25:44', 20, NULL, NULL),
(102, 2, 'Comisión por Residuales', '0.13', '2015-01-02', 0, '2015-01-02 23:25:44', 20, NULL, NULL),
(103, 6, 'Comisión por Compra', '10.40', '2015-01-02', 0, '2015-01-02 23:33:33', 8, NULL, NULL),
(104, 2, 'Comisión por Residuales', '0.16', '2015-01-02', 0, '2015-01-02 23:33:33', 8, NULL, NULL),
(105, 6, 'Comisión por Compra', '29.90', '2015-01-02', 0, '2015-01-02 23:35:54', 8, NULL, NULL),
(106, 2, 'Comisión por Residuales', '0.45', '2015-01-02', 0, '2015-01-02 23:35:54', 8, NULL, NULL),
(109, 9, 'Comisión por Compra', '11.28', '2015-01-03', 0, '2015-01-03 00:12:15', 10, NULL, NULL),
(110, 8, 'Comisión por Residuales', '0.17', '2015-01-03', 0, '2015-01-03 00:12:15', 10, NULL, NULL),
(111, 6, 'Comisión por Residuales', '0.17', '2015-01-03', 0, '2015-01-03 00:12:15', 10, NULL, NULL),
(112, 2, 'Comisión por Residuales', '0.17', '2015-01-03', 0, '2015-01-03 00:12:15', 10, NULL, NULL),
(113, 2, 'Comisión por Compra', '4.40', '2015-01-03', 0, '2015-01-03 01:17:12', 18, NULL, NULL),
(114, 2, 'Comisión por Compra', '8.00', '2015-01-06', 0, '2015-01-06 13:42:44', 18, NULL, NULL),
(116, 7, 'Comisión por Residuales', '0.12', '2015-01-10', 0, '2015-01-10 01:49:32', 38, NULL, NULL),
(117, 5, 'Comisión por Residuales', '0.12', '2015-01-10', 0, '2015-01-10 01:49:32', 38, NULL, NULL),
(118, 2, 'Comisión por Compra', '75.99', '2014-12-31', 0, '2014-12-31 14:48:38', 18, NULL, NULL),
(119, 10, 'Comisión por Compra', '14.70', '2014-11-12', 0, '2014-11-12 17:28:55', 25, NULL, NULL),
(120, 9, 'Comisión por Residuales', '0.22', '2014-11-12', 0, '2014-11-12 17:28:55', 25, NULL, NULL),
(121, 8, 'Comisión por Residuales', '0.22', '2014-11-12', 0, '2014-11-12 17:28:56', 25, NULL, NULL),
(122, 6, 'Comisión por Residuales', '0.22', '2014-11-12', 0, '2014-11-12 17:28:56', 25, NULL, NULL),
(123, 2, 'Comisión por Residuales', '0.22', '2014-11-12', 0, '2014-11-12 17:28:56', 25, NULL, NULL),
(127, 10, 'Comisión por Residuales', '0.27', '2014-11-17', 0, '2014-11-17 20:07:33', 26, NULL, NULL),
(128, 9, 'Comisión por Residuales', '0.27', '2014-11-17', 0, '2014-11-17 20:07:33', 26, NULL, NULL),
(129, 8, 'Comisión por Residuales', '0.27', '2014-11-17', 0, '2014-11-17 20:07:33', 26, NULL, NULL),
(130, 6, 'Comisión por Residuales', '0.27', '2014-11-17', 0, '2014-11-17 20:07:33', 26, NULL, NULL),
(131, 25, 'Comision por Referido', '18.10', '2014-11-17', 1, '2014-11-17 00:00:00', 1, NULL, NULL),
(133, 25, 'Comisión por Compra', '3.40', '2015-01-20', 0, '2015-01-20 17:01:59', 26, NULL, NULL),
(134, 10, 'Comisión por Residuales', '0.05', '2015-01-20', 0, '2015-01-20 17:01:59', 26, NULL, NULL),
(135, 9, 'Comisión por Residuales', '0.05', '2015-01-20', 0, '2015-01-20 17:01:59', 26, NULL, NULL),
(136, 8, 'Comisión por Residuales', '0.05', '2015-01-20', 0, '2015-01-20 17:01:59', 26, NULL, NULL),
(137, 6, 'Comisión por Residuales', '0.05', '2015-01-20', 0, '2015-01-20 17:01:59', 26, NULL, NULL),
(138, 9, 'Comisión por Compra', '8.49', '2014-12-31', 0, '2014-12-31 05:26:22', 10, NULL, NULL),
(139, 8, 'Comisión por Residuales', '0.13', '2014-12-31', 0, '2014-12-31 05:26:22', 10, NULL, NULL),
(140, 6, 'Comisión por Residuales', '0.13', '2014-12-31', 0, '2014-12-31 05:26:22', 10, NULL, NULL),
(141, 2, 'Comisión por Residuales', '0.13', '2014-12-31', 0, '2014-12-31 05:26:22', 10, NULL, NULL),
(142, 11, 'Comisión por Compra', '3.27', '2014-12-30', 0, '2014-12-30 16:07:47', 37, NULL, NULL),
(143, 7, 'Comisión por Residuales', '0.05', '2014-12-30', 0, '2014-12-30 16:07:47', 37, NULL, NULL),
(144, 5, 'Comisión por Residuales', '0.05', '2014-12-30', 0, '2014-12-30 16:07:47', 37, NULL, NULL),
(145, 11, 'Comisión por Referido', '3.61', '2015-01-27', 0, '2015-01-27 23:00:40', 39, NULL, NULL),
(146, 7, 'Comisión por Residuales', '0.05', '2015-01-27', 0, '2015-01-27 23:00:40', 39, NULL, NULL),
(147, 5, 'Comisión por Residuales', '0.05', '2015-01-27', 0, '2015-01-27 23:00:40', 39, NULL, NULL),
(148, 9, 'Comisión por Referido', '6.56', '2015-01-28', 0, '2015-01-28 16:52:40', 40, NULL, NULL),
(149, 8, 'Comisión por Residuales', '0.10', '2015-01-28', 0, '2015-01-28 16:52:40', 40, NULL, NULL),
(150, 6, 'Comisión por Residuales', '0.10', '2015-01-28', 0, '2015-01-28 16:52:40', 40, NULL, NULL),
(151, 2, 'Comisión por Residuales', '0.10', '2015-01-28', 0, '2015-01-28 16:52:40', 40, NULL, NULL),
(152, 9, 'Comisión por Compra', '22.09', '2015-01-28', 0, '2015-01-28 17:14:09', 10, NULL, NULL),
(153, 8, 'Comisión por Residuales', '0.33', '2015-01-28', 0, '2015-01-28 17:14:09', 10, NULL, NULL),
(154, 6, 'Comisión por Residuales', '0.33', '2015-01-28', 0, '2015-01-28 17:14:09', 10, NULL, NULL),
(155, 2, 'Comisión por Residuales', '0.33', '2015-01-28', 0, '2015-01-28 17:14:09', 10, NULL, NULL),
(156, 6, 'Comisión por Compra', '6.80', '2015-01-28', 0, '2015-01-28 17:20:27', 8, NULL, NULL),
(157, 2, 'Comisión por Residuales', '0.10', '2015-01-28', 0, '2015-01-28 17:20:27', 8, NULL, NULL),
(158, 8, 'Comisión por Compra', '2.84', '2015-01-28', 0, '2015-01-28 17:36:38', 9, NULL, NULL),
(159, 6, 'Comisión por Residuales', '0.04', '2015-01-28', 0, '2015-01-28 17:36:38', 9, NULL, NULL),
(160, 2, 'Comisión por Residuales', '0.04', '2015-01-28', 0, '2015-01-28 17:36:38', 9, NULL, NULL),
(161, 11, 'Comisión por Referido', '10.00', '2015-02-05', 0, '2015-02-05 18:30:46', 41, NULL, NULL),
(162, 7, 'Comisión por Residuales', '0.15', '2015-02-05', 0, '2015-02-05 18:30:46', 41, NULL, NULL),
(163, 5, 'Comisión por Residuales', '0.15', '2015-02-05', 0, '2015-02-05 18:30:46', 41, NULL, NULL),
(164, 10, 'Comisión por Compra', '10.82', '2015-02-24', 0, '2015-02-24 02:57:16', 25, NULL, NULL),
(165, 9, 'Comisión por Residuales', '0.16', '2015-02-24', 0, '2015-02-24 02:57:16', 25, NULL, NULL),
(166, 8, 'Comisión por Residuales', '0.16', '2015-02-24', 0, '2015-02-24 02:57:16', 25, NULL, NULL),
(167, 6, 'Comisión por Residuales', '0.16', '2015-02-24', 0, '2015-02-24 02:57:16', 25, NULL, NULL),
(168, 2, 'Comisión por Residuales', '0.16', '2015-02-24', 0, '2015-02-24 02:57:16', 25, NULL, NULL),
(169, 8, 'Comisión por Compra', '3.28', '2015-02-24', 0, '2015-02-24 02:59:07', 9, NULL, NULL),
(170, 6, 'Comisión por Residuales', '0.05', '2015-02-24', 0, '2015-02-24 02:59:07', 9, NULL, NULL),
(171, 2, 'Comisión por Residuales', '0.05', '2015-02-24', 0, '2015-02-24 02:59:07', 9, NULL, NULL),
(172, 9, 'Comisión por Compra', '12.02', '2015-02-24', 0, '2015-02-24 03:18:39', 10, NULL, NULL),
(173, 8, 'Comisión por Residuales', '0.18', '2015-02-24', 0, '2015-02-24 03:18:39', 10, NULL, NULL),
(174, 6, 'Comisión por Residuales', '0.18', '2015-02-24', 0, '2015-02-24 03:18:39', 10, NULL, NULL),
(175, 2, 'Comisión por Residuales', '0.18', '2015-02-24', 0, '2015-02-24 03:18:39', 10, NULL, NULL),
(176, 9, 'Comisión por Compra', '22.09', '2015-02-24', 0, '2015-02-24 03:23:50', 10, NULL, NULL),
(177, 8, 'Comisión por Residuales', '0.33', '2015-02-24', 0, '2015-02-24 03:23:50', 10, NULL, NULL),
(178, 6, 'Comisión por Residuales', '0.33', '2015-02-24', 0, '2015-02-24 03:23:50', 10, NULL, NULL),
(179, 2, 'Comisión por Residuales', '0.33', '2015-02-24', 0, '2015-02-24 03:23:50', 10, NULL, NULL),
(180, 11, 'Comisión por Referido', '3.28', '2015-03-02', 0, '2015-03-02 21:27:26', 42, NULL, NULL),
(181, 7, 'Comisión por Residuales', '0.05', '2015-03-02', 0, '2015-03-02 21:27:26', 42, NULL, NULL),
(182, 5, 'Comisión por Residuales', '0.05', '2015-03-02', 0, '2015-03-02 21:27:26', 42, NULL, NULL),
(183, 42, 'Comisión por Referido', '3.28', '2015-03-04', 0, '2015-03-04 01:48:48', 43, NULL, NULL),
(184, 11, 'Comisión por Residuales', '0.05', '2015-03-04', 0, '2015-03-04 01:48:48', 43, NULL, NULL),
(185, 7, 'Comisión por Residuales', '0.05', '2015-03-04', 0, '2015-03-04 01:48:48', 43, NULL, NULL),
(186, 5, 'Comisión por Residuales', '0.05', '2015-03-04', 0, '2015-03-04 01:48:48', 43, NULL, NULL),
(187, 43, 'Comisión por Referido', '3.28', '2015-03-06', 0, '2015-03-06 23:47:02', 44, NULL, NULL),
(188, 42, 'Comisión por Residuales', '0.05', '2015-03-06', 0, '2015-03-06 23:47:02', 44, NULL, NULL),
(189, 11, 'Comisión por Residuales', '0.05', '2015-03-06', 0, '2015-03-06 23:47:02', 44, NULL, NULL),
(190, 7, 'Comisión por Residuales', '0.05', '2015-03-06', 0, '2015-03-06 23:47:02', 44, NULL, NULL),
(191, 5, 'Comisión por Residuales', '0.05', '2015-03-06', 0, '2015-03-06 23:47:02', 44, NULL, NULL),
(192, 44, 'Comisión por Referido', '1.30', '2015-03-13', 0, '2015-03-13 21:16:56', 45, NULL, NULL),
(193, 43, 'Comisión por Residuales', '0.02', '2015-03-13', 0, '2015-03-13 21:16:56', 45, NULL, NULL),
(194, 42, 'Comisión por Residuales', '0.02', '2015-03-13', 0, '2015-03-13 21:16:56', 45, NULL, NULL),
(195, 11, 'Comisión por Residuales', '0.02', '2015-03-13', 0, '2015-03-13 21:16:56', 45, NULL, NULL),
(196, 7, 'Comisión por Residuales', '0.02', '2015-03-13', 0, '2015-03-13 21:16:56', 45, NULL, NULL),
(197, 44, 'Comisión por Referido', '3.28', '2015-03-16', 0, '2015-03-16 02:21:34', 46, NULL, NULL),
(198, 43, 'Comisión por Residuales', '0.05', '2015-03-16', 0, '2015-03-16 02:21:34', 46, NULL, NULL),
(199, 42, 'Comisión por Residuales', '0.05', '2015-03-16', 0, '2015-03-16 02:21:34', 46, NULL, NULL),
(200, 11, 'Comisión por Residuales', '0.05', '2015-03-16', 0, '2015-03-16 02:21:34', 46, NULL, NULL),
(201, 7, 'Comisión por Residuales', '0.05', '2015-03-16', 0, '2015-03-16 02:21:34', 46, NULL, NULL),
(202, 44, 'Comisión por Referido', '1.28', '2015-03-19', 0, '2015-03-19 02:01:59', 47, NULL, NULL),
(203, 43, 'Comisión por Residuales', '0.02', '2015-03-19', 0, '2015-03-19 02:01:59', 47, NULL, NULL),
(204, 42, 'Comisión por Residuales', '0.02', '2015-03-19', 0, '2015-03-19 02:01:59', 47, NULL, NULL),
(205, 11, 'Comisión por Residuales', '0.02', '2015-03-19', 0, '2015-03-19 02:01:59', 47, NULL, NULL),
(206, 7, 'Comisión por Residuales', '0.02', '2015-03-19', 0, '2015-03-19 02:01:59', 47, NULL, NULL),
(207, 11, 'Comisión por Referido', '1.26', '2015-03-21', 0, '2015-03-21 20:35:59', 48, NULL, NULL),
(208, 7, 'Comisión por Residuales', '0.02', '2015-03-21', 0, '2015-03-21 20:35:59', 48, NULL, NULL),
(209, 5, 'Comisión por Residuales', '0.02', '2015-03-21', 0, '2015-03-21 20:35:59', 48, NULL, NULL),
(210, 43, 'Comisión por Referido', '1.29', '2015-03-25', 0, '2015-03-25 02:17:41', 49, NULL, NULL),
(211, 42, 'Comisión por Residuales', '0.02', '2015-03-25', 0, '2015-03-25 02:17:41', 49, NULL, NULL),
(212, 11, 'Comisión por Residuales', '0.02', '2015-03-25', 0, '2015-03-25 02:17:41', 49, NULL, NULL),
(213, 7, 'Comisión por Residuales', '0.02', '2015-03-25', 0, '2015-03-25 02:17:41', 49, NULL, NULL),
(214, 5, 'Comisión por Residuales', '0.02', '2015-03-25', 0, '2015-03-25 02:17:41', 49, NULL, NULL),
(215, 47, 'Comisión por Referido', '2.17', '2015-03-26', 0, '2015-03-26 22:46:36', 50, NULL, NULL),
(216, 44, 'Comisión por Residuales', '0.03', '2015-03-26', 0, '2015-03-26 22:46:36', 50, NULL, NULL),
(217, 43, 'Comisión por Residuales', '0.03', '2015-03-26', 0, '2015-03-26 22:46:36', 50, NULL, NULL),
(218, 42, 'Comisión por Residuales', '0.03', '2015-03-26', 0, '2015-03-26 22:46:36', 50, NULL, NULL),
(219, 11, 'Comisión por Residuales', '0.03', '2015-03-26', 0, '2015-03-26 22:46:36', 50, NULL, NULL),
(220, 49, 'Comisión por Referido', '0.89', '2015-03-28', 0, '2015-03-28 21:12:57', 51, NULL, NULL),
(221, 43, 'Comisión por Residuales', '0.01', '2015-03-28', 0, '2015-03-28 21:12:57', 51, NULL, NULL),
(222, 42, 'Comisión por Residuales', '0.01', '2015-03-28', 0, '2015-03-28 21:12:57', 51, NULL, NULL),
(223, 11, 'Comisión por Residuales', '0.01', '2015-03-28', 0, '2015-03-28 21:12:57', 51, NULL, NULL),
(224, 7, 'Comisión por Residuales', '0.01', '2015-03-28', 0, '2015-03-28 21:12:57', 51, NULL, NULL),
(225, 47, 'Comisión por Referido', '2.25', '2015-03-31', 0, '2015-03-31 00:52:28', 52, NULL, NULL),
(226, 44, 'Comisión por Residuales', '0.03', '2015-03-31', 0, '2015-03-31 00:52:28', 52, NULL, NULL),
(227, 43, 'Comisión por Residuales', '0.03', '2015-03-31', 0, '2015-03-31 00:52:28', 52, NULL, NULL),
(228, 42, 'Comisión por Residuales', '0.03', '2015-03-31', 0, '2015-03-31 00:52:28', 52, NULL, NULL),
(229, 11, 'Comisión por Residuales', '0.03', '2015-03-31', 0, '2015-03-31 00:52:28', 52, NULL, NULL),
(230, 50, 'Comisión por Referido', '2.02', '2015-03-31', 0, '2015-03-31 14:51:06', 53, NULL, NULL),
(231, 47, 'Comisión por Residuales', '0.03', '2015-03-31', 0, '2015-03-31 14:51:06', 53, NULL, NULL),
(232, 44, 'Comisión por Residuales', '0.03', '2015-03-31', 0, '2015-03-31 14:51:06', 53, NULL, NULL),
(233, 43, 'Comisión por Residuales', '0.03', '2015-03-31', 0, '2015-03-31 14:51:06', 53, NULL, NULL),
(234, 42, 'Comisión por Residuales', '0.03', '2015-03-31', 0, '2015-03-31 14:51:06', 53, NULL, NULL);

-- --------------------------------------------------------

--
-- Estructura de tabla para la tabla `customer`
--

CREATE TABLE IF NOT EXISTS `customer` (
`customer_id` int(10) NOT NULL,
  `parents_id` int(11) NOT NULL,
  `email` varchar(100) DEFAULT NULL,
  `position` int(1) DEFAULT NULL,
  `position_temporal` int(1) DEFAULT NULL,
  `code` int(6) unsigned zerofill DEFAULT NULL,
  `password` varchar(100) DEFAULT NULL,
  `razon_social` varchar(100) NOT NULL,
  `ruc` varchar(100) NOT NULL,
  `address2` text NOT NULL,
  `first_name` varchar(50) DEFAULT NULL,
  `dni` varchar(20) NOT NULL,
  `birth_date` date NOT NULL,
  `last_name` varchar(50) DEFAULT NULL,
  `address` text,
  `references` text,
  `country` varchar(50) DEFAULT NULL,
  `department` varchar(50) DEFAULT NULL,
  `city` varchar(50) DEFAULT NULL,
  `phone` varchar(11) DEFAULT NULL,
  `mobile` varchar(25) DEFAULT NULL,
  `status_value` tinyint(1) unsigned DEFAULT NULL,
  `created_at` datetime DEFAULT NULL,
  `created_by` int(10) DEFAULT NULL,
  `updated_at` datetime DEFAULT NULL,
  `updated_by` int(10) DEFAULT NULL
) ENGINE=MyISAM  DEFAULT CHARSET=utf8 AUTO_INCREMENT=54 ;

--
-- Volcado de datos para la tabla `customer`
--

INSERT INTO `customer` (`customer_id`, `parents_id`, `email`, `position`, `position_temporal`, `code`, `password`, `razon_social`, `ruc`, `address2`, `first_name`, `dni`, `birth_date`, `last_name`, `address`, `references`, `country`, `department`, `city`, `phone`, `mobile`, `status_value`, `created_at`, `created_by`, `updated_at`, `updated_by`) VALUES
(1, 0, '0', 2, 2, 000001, 'fuertefuerte', '', '', '', 'Waveline S.A.C.', '2065781023', '1989-06-06', '', 'Jr. Los Nogales 230 Urb. Santa Rosa de quives', 'A la espalda de la fabrica Basa', 'Peru', 'Lima', 'Santa Anita', '2248210', '995795449', 1, '2014-10-13 00:00:00', 1, '2014-10-13 00:00:00', 1),
(2, 1, 'cynthiaeh19@hotmail.com', 2, 1, 000002, 'nas421', '', '', '', 'Cynthia Karina ', '42688251', '1984-01-13', 'Escalante Huidobro', 'Nestor Gambeta Alta Mz A Lt 24', 'A 6 cuadras de la espalda de Minka', 'Perú', 'Lima', 'Callao', '952645960', '952645960', 1, '2014-10-28 20:21:33', 2, '2014-10-28 20:21:33', 2),
(5, 1, 'william_huidobro@hotmail.com', 1, 1, 000004, '1234agarramelasipuedes', '', '', '', 'William Alberto', '48141894', '1993-11-04', 'Huidobro Iparraguirre', 'Jr. Los Nogales 230 Urb. Santa Rosa de Quives', 'A la espalda de la fabrica basa', 'Perú', 'Lima', 'Santa Anita', '3627277', '958904751', 1, '2014-10-28 22:35:31', 5, '2014-10-29 03:24:55', 5),
(6, 2, 'leslieee16@hotmail.com', 2, 2, 000006, '43062472', '', '', '', 'Leslie Giovana', '43062472', '1985-05-16', 'Escalante Huidobro', ' calle nicolas dueñas 131 urb. estela maris bellavista', 'a una cuadra de la universidad del callao', 'Perú', 'Lima', 'callao', '997765574', '997765574', 1, '2014-10-28 20:48:54', NULL, NULL, NULL),
(7, 5, 'software.contreras@gmail.com', 1, 2, 000007, '123456', '', '', '', 'Esperanza Caridad', '32912030', '1966-08-27', 'Basquez Ore', 'Jr. Rio Jequetepeque 3581 Urb. Canto Rey', 'A la espalda de la Avenida Wise', 'Perú', 'Lima', 'San Juan de Lurigancho', '990932019', '990932019', 1, '2014-10-28 22:36:48', NULL, NULL, NULL),
(8, 6, 'cynthiaeh19@hotmail.com', 2, 2, 000008, 'nas421', '', '', '', 'Myriam Ruth', '25474971', '1962-08-28', 'Huidobro Torres', 'av. cortijo 397 casa 9 monterrico', 'a 2 cdras. cruce el derbi con la encalada', 'Perú', 'Lima', 'santiago de surco', '975339270', '975339270', 1, '2014-10-28 21:21:28', NULL, NULL, NULL),
(9, 8, 'karilisseth@hotmail.com', 2, 1, 000009, 'maricela', '', '', '', 'Maricela Fidela', '22421619', '1962-12-16', 'Martinez Beteta', 'jr. leoncio prado 196 Huanuco', '2 cdras. antes de la laguna', 'Perú', 'Huanuco', 'Huanuco', '994954704', '994954704', 1, '2014-10-28 21:37:17', NULL, NULL, NULL),
(10, 9, 'carlosfff_9@hotmail.com', 2, 2, 000010, 'nas421', 'Harumi Sue Escalante Huidobro', '10763728183', 'CAL. S/N MZA. A LOTE. 24 P.J. N GAMBETA PROV. CONST. DEL CALLAO - PROV. CONST. DEL CALLAO - CALLAO', 'Harumi Sue', '76372818', '1994-04-28', 'Escalante Huidobro', 'av. cortijo 397 casa 9 monterrico', 'a 2 cuadras de la av derbi con la av encalada', 'Perú', 'Lima', 'santiago de surco', '997524946', '997524946', 1, '2014-10-28 22:03:16', NULL, NULL, NULL),
(11, 7, 'pastorolandoc@hotmail.com', 1, 2, 000011, 'fuertefuerte', '', '', '', 'Rolando Sigfredo', '25477331', '1965-09-01', 'Contreras Rocca', 'Jr. Los Nogales 230 Urb. Santa Rosa de Quives', 'A la espalda de la fabrica basa', 'Perú', 'Lima', 'Santa Anita', '3627277', '995795449', 1, '2014-10-29 03:33:41', NULL, '2014-10-29 04:59:46', 2),
(15, 11, 'software.contreras1@gmail.com', 2, 1, 000015, 'fuertefuerte', '', '', '', 'Romulo ', '18171685', '1937-01-05', 'Huidobro Salazar', 'Mz A Lt 24 Gambeta Alta', 'A la altura de la parroquia del Rosario', 'Perú', 'Callao', 'Callao', '7768447', '', 1, '2014-11-03 16:18:29', NULL, '2014-11-03 16:19:30', 2),
(16, 2, 'yrisht@hotmail.com', 1, 2, 000016, '2332', 'Yris Janett Huidobro Torres de Salazar', '10254983778', 'Av San Borja Norte 1325 San Borja', 'Yris Janett ', '25498377', '1960-10-15', 'Huidobro Torres de Salazar', 'Av San Borja Norte 1325 San Borja', '', 'Perú', 'Lima', 'San Borja', '983447732', '983447732', 1, '2014-11-03 18:39:02', NULL, '2014-11-03 18:47:24', 2),
(14, 11, 'software.contreras1@gmail.com', 1, 2, 000014, 'fuertefuerte', '', '', '', 'Daniel Isrrael', '77174282', '1995-08-12', 'Contreras Huidobro', 'Av. Los Nogales 230 Urb. Santa Rosa de Quives', 'A la espalda de la fabrica basa', 'Perú', 'Lima', 'Santa Anita', '3627277', '', 1, '2014-11-03 16:11:15', NULL, '2014-11-03 16:12:25', 2),
(17, 14, 'elizabeth_shoes@hotmail.com', 1, 1, 000017, 'fuertefuerte', '', '', '', 'Elizabeth', '25565869', '1966-12-24', 'Huidobro Torres', 'Jr. Los Nogales 230 Urb. Santa Rosa de Quives', 'A la espalda de la fabrica basa', 'Perú', 'Lima', 'Santa Anita', '3627277', '964207734', 1, '2014-11-04 21:33:06', NULL, '2014-11-04 21:35:31', 2),
(18, 2, 'krlos.telexfreperu@gmail.com', 1, 1, 000018, 'churrasquito', '', '', '', 'Mathius Andy', '73976016', '1996-07-01', 'Escalante Huidobro ', 'Av Cortijo 397 Monterrico', 'Espalda de la embajada de EEUU', 'Perú', 'Lima', 'Surco', '997524946', '997524946', 1, '2014-11-04 22:34:06', NULL, '2014-11-04 22:38:13', 3),
(19, 14, 'carlitos_corte@hotmail.com', 2, 1, 000019, 'josue', '', '', '', 'Santos ', '80644113', '1978-01-05', 'Carlos Flores', 'Jr. Ica 315 Int 1', 'Al costado del teatro municipal', 'Perú', 'Lima', 'Lima', '961771069', '961771069', 1, '2014-11-08 03:14:32', NULL, '2014-11-08 03:17:07', 2),
(20, 16, 'andrewsvencedor@hotmail.com', 2, 1, 000020, 'teamodios1', '', '', '', 'Andrew Branwell', '47083086', '1991-06-07', 'Salazar Huidobro', 'Av. San Borja Noret 1325', 'A una cuadra del pentagonito', 'Perú', 'Lima', 'San Borja', '975492072', '975492072', 1, '2014-11-11 02:50:01', NULL, '2014-11-11 02:53:16', 2),
(21, 7, 'che_carlitos_12@hotmail.com', 2, 1, 000021, '123456', '', '', '', 'Juan Carlos', '10650849', '1971-07-19', 'Melendez Fernandez', 'Jr. Juan Castilla 400 -  San Juan de Miraflores', 'A una Cdra del Cine Star', 'Perú', 'Lima', 'Lima', '947203312', '947203312', 1, '2014-11-16 02:27:55', NULL, '2014-11-16 03:57:34', 2),
(22, 7, 'karoult@gmail.com', 2, 1, 000022, '123456', '', '', '', 'Karoult Jannent', '45887343', '1984-12-23', 'Toledo basquez', 'Urb. Canto Rey Calle Rio jequetepeue', '3581', 'Perú', 'Lima', 'San Juan de Lurigancho', '945221641', '945221641', 1, '2014-11-16 02:51:10', NULL, '2014-11-16 03:57:44', 2),
(23, 19, 'dios_esperanza2906@hotmail.com', 2, 2, 000023, 'castro', '', '', '', 'Casilda', '41540483', '1982-11-09', 'Castro Tineo', 'Av. Las Flores Pasaje. Lirica 170', 'Curva de las flores a espalda de la cochera', 'Perú', 'Lima', 'San Juan de Lurigancho', '7823490', '949017757', 1, '2014-11-17 16:37:05', NULL, '2014-11-17 18:33:03', 2),
(24, 19, 'romanticodelfutbol@hotmail.com', 1, 1, 000024, 'fuertefuerte', '', '', '', 'Ronald Jose', '45019307', '1987-02-11', 'Garcia Mahua', 'Jr. Pasco 119', 'Alt. Paradero 17 de Cada de Agua', 'Perú', 'Lima', 'San Juan de Lurigancho', '956328427', '956328427', 1, '2014-11-17 16:42:25', 24, '2014-11-22 03:48:24', 24),
(25, 10, 'bell_9_26@hotmail.com', 2, 1, 000025, 'carpediemmbell', '', '', '', 'Ines', '76292521', '1994-05-09', 'Canales Flores', 'Av. Santa rosa mz b lote "6"', 'Mall aventura plaza', 'Perú', 'Lima', 'Bellavista', '4987241', '961063271', 1, '2014-11-17 20:51:35', NULL, '2014-11-17 20:56:11', 2),
(28, 23, 'software.contreras@gmail.com', 2, 1, 000028, 'taurito', '', '', '', 'Vanesa Marilyn ', '70035889', '1992-01-25', 'Flores Chero', 'Jr. Los Quinuales 381 - 3er piso C', 'Alt. Paradero 2 de las flores', 'Perú', 'Lima', 'San Juan de Lurigancho', '946180524', '', 1, '2014-11-22 03:54:33', NULL, '2014-11-22 03:57:45', 2),
(26, 25, 'etzio.auditore.cd@hotmail.com', 1, 1, 000026, 'carpediemmbell', '', '', '', 'Alexis', '46618949', '1990-07-22', 'Escalante Huidobro', 'gambetta Alta mz "A" lote 24', 'Parroquia El Rosario.', 'Perú', 'Lima', 'callao', '4987241', '961063271', 1, '2014-11-17 21:02:50', NULL, '2014-11-17 21:19:30', 2),
(29, 11, 'pedroperezpalma@gmail.com', 2, 1, 000029, 'fuertefuerte', '', '', '', 'Pedro Sergio', '98565896', '1924-01-01', 'Perez Palma Ocaña', 'Jr. Los Nogales 236 Urb. Santa Rosa de Quives', 'A La espalda de la fabrica Basa', 'Perú', 'Lima', 'Santa Anita', '6514603', '996586295', 1, '2014-11-22 18:15:19', NULL, '2014-11-26 03:16:21', 2),
(30, 7, 'software.contreras@gmail.com', 2, 1, 000030, 'fuertefuerte', '', '', '', 'Carmen Maritsa', '48342891', '1995-07-18', 'Tocto Majuan', 'Jr. Rio jequetepeque 3581 Urb. Canto rey', 'Alt. Av Wise 10', 'Perú', 'Lima', 'San Juan de Lurigancho', '980296214', '980296214', 1, '2014-11-23 03:05:41', NULL, '2014-11-23 03:08:07', 2),
(31, 11, 'software.contreras@gmail.com', 1, 1, 000031, 'fuertefuerte', '', '', '', 'Enit', '45896532', '1924-01-01', 'Huidobro', 'Jr. Los Nogales 230 Urb. Santa Rosa de Quives', 'A la espalda de la fabrica basa', 'Perú', 'Lima', 'Santa Anita', '2248210', '995795449', 1, '2014-11-29 20:31:11', NULL, '2014-11-29 20:32:45', 2),
(32, 11, 'alvaro1359@hotmail.com', 2, 1, 000032, 'abioc2468', '', '', '', 'Alvaro Alfredo', '46297891', '1990-04-25', 'Oliva Yataco', 'Av. Felipe de Zela 737 Urb. Los Ficus', 'Cruce de la Av 7 de Junio con Felipe de Zela , Por el mercado los Ficus', 'Perú', 'Lima', 'Santa Anita', '941482583', '941482583', 1, '2014-12-01 23:53:54', NULL, '2014-12-03 23:48:16', 2),
(33, 11, 'software.contreras@gmail.com', 2, 1, 000033, 'fuertefuerte', '', '', '', 'Etelvina ', '55563258', '1924-01-01', 'Contreras', 'Jr. Los Nogales 230 Urb. Santa Rosa de Quives', 'Gambeta Alta', 'Perú', 'Lima', 'Callao', '2248210', '995795449', 1, '2014-12-12 01:19:08', NULL, '2014-12-13 01:00:25', 2),
(34, 28, 'software.contreras@gmail.com', 1, 1, 000034, 'fuertefuerte', '', '', '', 'Gisela ', '45236669', '1924-01-01', 'Flores Chero', 'Jr. Los quinuales 381 - 3er piso C ', 'Alt. Paradero 2 de las Flores', 'Perú', 'Lima', 'San Juan de Lurigancho', '946180524', '946180524', 1, '2014-12-13 01:06:37', NULL, '2014-12-13 01:07:48', 2),
(35, 11, 'software.contreras@gmail.com', 1, 1, 000035, '123456', '', '', '', 'Francis', '55562369', '1924-01-01', 'Garamendi', 'Jr. Los Nogales 230 Urb. Santa Rosa de Quives', 'Alt. de la espalda de la fabrica basa', 'Perú', 'Lima', 'Lima', '995795449', '995795449', 1, '2014-12-13 01:14:19', NULL, '2014-12-13 01:16:13', 2),
(36, 11, 'software.contreras@gmail.com', 2, 1, 000036, '123456', '', '', '', 'Richard ', '55526333', '1924-01-01', 'Aguilar', 'Jr. Los Nogales 230 Urb. Santa Rosa de Quives', 'A la espalda de la fabrica Basa', 'Perú', 'Lima', 'San Juan de Lurigancho', '2248210', '995795449', 1, '2014-12-17 03:32:29', NULL, '2014-12-17 03:33:39', 2),
(37, 11, 'software.contreras@gmail.com', 2, 1, 000037, '123456', '', '', '', 'Wilda Camac ', '09579488', '1969-04-17', 'Manci Sidor', 'Av. San Juan 1110 ', 'Al frende del edifio de Telefonica', 'Perú', 'Lima', 'San Juan de Miraflores', '992505555', '992505555', 1, '2014-12-29 15:51:27', NULL, '2015-01-03 15:51:02', 2),
(38, 11, 'software.contreras@gmail.com', 2, 1, 000038, 'fuertefuerte', '', '', '', 'Marcos Antonio', '25556892', '1964-08-19', 'Huidobro Torres', 'Nestor Gambetta Alta MZ A Lt24', 'espalda de minka', 'Perú', 'Lima', 'Callao', '013627277', '013627277', 1, '2015-01-10 01:49:32', NULL, '2015-01-19 16:35:47', 2),
(39, 11, 'kamila_vida.20@hotmail.com', 2, 1, 000039, '123456', '', '', '', 'Karol Milagro', '47309927', '1991-10-04', 'Garrido Huarcaya', 'Calle el Carmen B19 - Chimbote', 'frente a la iglesia de los mormones', 'Perú', 'Ancash', 'Chimbote', '968445891', '968445891', 1, '2015-01-27 23:00:40', NULL, '2015-02-02 01:05:52', 2),
(40, 9, 'karilisseth@hotmail.com', 1, 1, 000040, 'briggith', 'Briggith Evellyn Martinez Jara', '10427572388', '', 'Briggith Evellyn', '42757238', '1983-12-18', 'Martinez Jara', 'Jr. Aguilar Cdra 1', 'Mercado modelo', 'Perú', 'Huanuco', 'Huanuco', '989237367', '989237367', 1, '2015-01-28 16:52:40', NULL, '2015-01-28 17:15:05', 2),
(41, 11, 'roger_1692@hotmail.com', 2, 1, 000041, '123456', '', '', '', 'Josue Roger Junior ', '48130333', '1992-08-16', 'Gonzales Espinoza', 'Jr.bernandino romero 712 zona D ', 'Por la clinica San Pablo', 'Perú', 'Lima', 'San Juan de Miraflores', '995795449', '995795449', 1, '2015-02-05 18:30:46', NULL, '2015-02-05 18:42:03', 2),
(42, 11, 'sergio_tu_papi_tlv@hotmail.com', 2, 2, 000042, 'teamojesus1996', '', '', '', 'sergio augusto', '77335803', '1996-05-10', 'urquiaga bustamante', 'jr arica 247 urb. san juanito s.j.m', 'alfrente de la peña, cruzando el puente ', 'Perú', 'Lima', 'lima', '986429405', '986429405', 1, '2015-03-02 21:27:26', NULL, '2015-03-03 19:26:38', 2),
(43, 42, 'rigetobu1997@gmail.com', 1, 2, 000043, '123456', '', '', '', 'Richard German ', '76577167', '1997-11-05', 'Tong Bustamante', 'Jr. Arica 255', 'alfrente de la peña, cruzando el puente', 'Perú', 'Lima', 'San Juan de Miraflores', '977327795', '977327795', 1, '2015-03-04 01:48:48', NULL, '2015-03-06 00:59:35', 2),
(44, 43, 'yefry_JH7@hotmail.es', 1, 1, 000044, 'squatdios10', '', '', '', 'yeferson wilfredo', '74741483', '1995-09-09', 'milachay angeles', 'jr arica 142 urb. san juanito ', 'paradero la peña ', 'Perú', 'Lima', 'san juan de miraflores', '955534764', '955534764', 1, '2015-03-06 23:47:02', NULL, '2015-03-06 23:48:14', 2),
(45, 44, 'terriblec_nick@hotmail.com', 1, 1, 000045, 'andersonvega', '', '', '', 'nick anderson', '72544029', '1994-09-04', 'rosales riveros', 'ampliacion comite 45 MZ 206 b Lt 5  av.final progreso vallecito alto san gabriel alto VMT', 'altura de paradero la 96', 'Perú', 'Lima', 'lima', '992658902', '992658902', 1, '2015-03-13 21:16:56', NULL, '2015-03-14 17:09:58', 2),
(46, 44, 'rm_andrea11@hotmail.com', 2, 1, 000046, 'salvador123', '', '', '', 'rosa andrea', '76046048', '1995-09-11', 'mendoza jaramillo', 'av. belisario suarez 877 zona E-2B san juan de miraflores', 'clinica santa maria del sur', 'Perú', 'Lima', 'lima', '996973964', '9969739664', 1, '2015-03-16 02:21:34', NULL, '2015-03-28 15:22:26', 2),
(47, 44, 'l_ove_mj@hotmail.com', 2, 2, 000047, 'alied2013', '', '', '', 'allison gisel', '73246108', '1995-11-03', 'Nano Barrios', 'jr. jose del carmen velastegui #464', 'al frente del essalud de san juan de miraflores ', 'Perú', 'Lima', 'lima', '975572077', '975572077', 1, '2015-03-19 02:01:59', NULL, '2015-03-23 02:49:00', 2),
(48, 11, 'francisquilca@gmail.com', 2, 1, 000048, '0715', '', '', '', 'frances andree', '47304120', '1992-04-15', 'quilca coronado', 'Av.peru 2652', 'Av. peru con Av. universitaria', 'Perú', 'Lima', 'san martin de porres', '972721501', '972721501', 1, '2015-03-21 20:35:59', NULL, '2015-03-23 02:49:16', 2),
(49, 43, 'eylimpilar@hotmail.com', 2, 1, 000049, 'hermosayfea78', '', '', '', 'Eylim del Pilar ', '72736975', '1997-11-03', 'Maldonado Gutierrez', 'Juan Castilla #725', 'A la espalda de Sedapal ', 'Perú', 'Lima', 'San Juan de Miraflores', '977451977', '977451977', 1, '2015-03-25 02:17:41', NULL, '2015-03-28 15:22:44', 2),
(50, 47, 'fernandopcnet2@hotmail.com', 1, 1, 000050, 'elmixtape', '', '', '', 'Fernando Nicolas', '72794890', '1996-12-17', 'Martinez Guerrero', 'ingnacio seminario #386 zona B  SJM', 'cerca a ciudad de los niños', 'Perú', 'Lima', 'lima', '4501815', '977613997', 1, '2015-03-26 22:46:36', NULL, '2015-03-30 15:51:55', 2),
(51, 49, 'kazda_21@hotmail.com', 1, 1, 000051, 'hijadeperra133', '', '', '', 'Kazandra Isabel', '74212462', '1998-08-21', 'Huanry Rojas ', 'Mz P Lote 7 Los Incas', 'Espalda del Colegio los Incas , Frente a Cedros ', 'Perú', 'Lima', 'Chorrillos', '955128818', '955128818', 0, '2015-03-28 21:12:57', NULL, NULL, NULL),
(52, 47, 'nicole14.pp@gmail.com', 2, 1, 000052, 'josephin', '', '', '', 'nicole josephin', '73129578', '1996-04-14', 'pajuelo pardo', 'jr. manuel jaramillo 265 zona b', 'altura cuadra 2 de la CT', 'Perú', 'Lima', 'lima', '4503155', '945812558', 0, '2015-03-31 00:52:28', NULL, NULL, NULL),
(53, 50, 'grexhy_97_leo276@hotmail.com', 1, 1, 000053, 'valeria1997', '', '', '', 'Valeria Angelica', '72216692', '1997-07-27', 'Martínez Pumayauli', 'Ignacio Seminario #386 Zona B SJM', 'Ciudad de los niños', 'Perú', 'Lima', 'Lima', '2761827', '996195224', 1, '2015-03-31 14:51:06', NULL, '2015-04-07 17:23:37', 2);

-- --------------------------------------------------------

--
-- Estructura de tabla para la tabla `order_commissions`
--

CREATE TABLE IF NOT EXISTS `order_commissions` (
`order_commissions_id` int(11) NOT NULL,
  `order_id` int(11) NOT NULL DEFAULT '0',
  `commissions_id` int(11) NOT NULL DEFAULT '0',
  `status_value` tinyint(1) DEFAULT NULL,
  `created_at` datetime DEFAULT NULL,
  `created_by` int(11) DEFAULT NULL,
  `updated_at` datetime DEFAULT NULL,
  `updated_by` int(11) DEFAULT NULL
) ENGINE=MyISAM  DEFAULT CHARSET=latin1 AUTO_INCREMENT=232 ;

--
-- Volcado de datos para la tabla `order_commissions`
--

INSERT INTO `order_commissions` (`order_commissions_id`, `order_id`, `commissions_id`, `status_value`, `created_at`, `created_by`, `updated_at`, `updated_by`) VALUES
(2, 1, 5, 1, '2014-10-22 17:23:11', 3, '2014-10-22 17:23:11', 3),
(3, 2, 6, 1, '2015-01-05 00:43:32', 4, '2015-01-05 00:43:32', 4),
(4, 3, 7, 1, '2015-01-05 20:48:54', 6, '2015-01-05 20:48:54', 6),
(5, 4, 8, 1, '2015-01-05 20:59:48', 7, '2015-01-05 20:59:48', 7),
(6, 5, 9, 1, '2015-01-05 21:21:28', 8, '2015-01-05 21:21:28', 8),
(7, 6, 10, 1, '2015-01-05 21:37:17', 9, '2015-01-05 21:37:17', 9),
(8, 7, 11, 1, '2014-10-28 22:03:16', 10, '2014-10-28 22:03:16', 10),
(9, 8, 12, 1, '2015-01-05 03:33:41', 11, '2015-01-05 03:33:41', 11),
(10, 9, 13, 1, '2014-10-30 04:06:40', 12, '2014-10-30 04:06:40', 12),
(12, 11, 15, 1, '2015-01-05 16:11:15', 14, '2015-01-05 16:11:15', 14),
(13, 12, 16, 1, '2015-01-05 16:18:29', 15, '2015-01-05 16:18:29', 15),
(14, 13, 17, 1, '2014-10-29 18:39:02', 16, '2014-10-29 18:39:02', 16),
(15, 14, 18, 1, '2014-10-27 21:33:06', 17, '2014-10-27 21:33:06', 17),
(16, 15, 19, 1, '2014-10-28 22:34:06', 18, '2014-10-28 22:34:06', 18),
(17, 16, 20, 1, '2014-11-08 03:14:32', 19, '2014-11-08 03:14:32', 19),
(18, 17, 21, 1, '2014-11-11 02:50:01', 20, '2014-11-11 02:50:01', 20),
(121, 71, 124, 1, '2014-11-11 18:23:27', 18, NULL, NULL),
(21, 21, 24, 1, '2014-11-14 04:21:05', 10, NULL, NULL),
(22, 22, 25, 1, '2014-11-14 04:58:28', 10, NULL, NULL),
(23, 23, 26, 1, '2014-11-14 05:03:04', 2, NULL, NULL),
(24, 24, 27, 1, '2015-01-05 02:27:55', 21, '2015-01-05 02:27:55', 21),
(25, 25, 28, 1, '2015-01-05 02:51:10', 22, '2015-01-05 02:51:10', 22),
(26, 26, 29, 1, '2014-11-17 16:37:05', 23, '2014-11-17 16:37:05', 23),
(27, 27, 30, 1, '2015-01-05 16:42:25', 24, '2015-01-05 16:42:25', 24),
(28, 28, 31, 1, '2015-01-05 20:51:35', 25, '2015-01-05 20:51:35', 25),
(29, 29, 32, 1, '2014-11-17 21:02:36', 26, '2014-11-17 21:02:36', 26),
(122, 72, 125, 1, '2014-11-17 19:47:39', 18, NULL, NULL),
(32, 32, 35, 1, '2014-11-17 21:28:38', 26, NULL, NULL),
(123, 73, 126, 1, '2015-01-19 20:07:33', 26, NULL, NULL),
(34, 34, 37, 1, '2014-11-18 04:38:22', 25, NULL, NULL),
(112, 68, 115, 1, '2015-01-10 01:49:32', 38, NULL, NULL),
(36, 36, 39, 1, '2014-11-18 05:03:57', 25, NULL, NULL),
(37, 37, 40, 1, '2014-11-18 06:15:10', 25, NULL, NULL),
(38, 38, 41, 1, '2014-11-18 06:20:34', 18, NULL, NULL),
(39, 39, 42, 1, '2014-11-18 06:34:42', 18, NULL, NULL),
(40, 40, 43, 1, '2015-01-05 03:54:33', 28, NULL, NULL),
(41, 40, 44, 1, '2015-01-05 03:54:33', 28, '2015-01-05 03:54:33', 28),
(42, 40, 45, 1, '2015-01-05 03:54:33', 28, '2015-01-05 03:54:33', 28),
(43, 40, 46, 1, '2015-01-05 03:54:33', 28, '2015-01-05 03:54:33', 28),
(44, 40, 47, 1, '2015-01-05 03:54:33', 28, '2015-01-05 03:54:33', 28),
(45, 41, 48, 1, '2014-12-15 18:15:19', 29, '2014-12-15 00:00:00', NULL),
(46, 41, 49, 1, '2014-12-15 18:15:19', 29, '2014-12-15 18:15:19', 29),
(47, 41, 50, 1, '2014-12-15 18:15:19', 29, '2014-12-15 18:15:19', 29),
(48, 42, 51, 1, '2015-01-05 03:05:41', 30, '2015-01-05 00:00:00', NULL),
(49, 42, 52, 1, '2014-11-23 03:05:41', 30, '2014-11-23 03:05:41', 30),
(50, 43, 53, 1, '2014-11-29 20:31:11', 31, NULL, NULL),
(51, 43, 54, 1, '2014-11-29 20:31:11', 31, '2014-11-29 20:31:11', 31),
(52, 43, 55, 1, '2014-11-29 20:31:11', 31, '2014-11-29 20:31:11', 31),
(53, 44, 56, 1, '2014-12-01 23:53:54', 32, NULL, NULL),
(54, 44, 57, 1, '2014-12-01 23:53:54', 32, '2014-12-01 23:53:54', 32),
(55, 44, 58, 1, '2014-12-01 23:53:54', 32, '2014-12-01 23:53:54', 32),
(56, 45, 59, 1, '2014-12-12 01:19:08', 33, NULL, NULL),
(57, 45, 60, 1, '2014-12-12 01:19:08', 33, '2014-12-12 01:19:08', 33),
(58, 45, 61, 1, '2014-12-12 01:19:08', 33, '2014-12-12 01:19:08', 33),
(59, 46, 62, 1, '2014-12-13 01:06:37', 34, NULL, NULL),
(60, 46, 63, 1, '2014-12-13 01:06:37', 34, '2014-12-13 01:06:37', 34),
(61, 46, 64, 1, '2014-12-13 01:06:37', 34, '2014-12-13 01:06:37', 34),
(62, 46, 65, 1, '2014-12-13 01:06:37', 34, '2014-12-13 01:06:37', 34),
(63, 46, 66, 1, '2014-12-13 01:06:37', 34, '2014-12-13 01:06:37', 34),
(64, 47, 67, 1, '2014-12-13 01:14:19', 35, NULL, NULL),
(65, 47, 68, 1, '2014-12-13 01:14:19', 35, '2014-12-13 01:14:19', 35),
(66, 47, 69, 1, '2014-12-13 01:14:19', 35, '2014-12-13 01:14:19', 35),
(67, 48, 70, 1, '2014-11-29 23:39:15', 2, '2014-11-29 00:00:00', NULL),
(68, 49, 71, 1, '2014-12-16 23:42:07', 8, NULL, NULL),
(69, 50, 72, 1, '2014-12-16 23:47:14', 6, NULL, NULL),
(70, 51, 73, 1, '2014-12-17 03:32:29', 36, NULL, NULL),
(71, 51, 74, 1, '2014-12-17 03:32:29', 36, '2014-12-17 03:32:29', 36),
(72, 51, 75, 1, '2014-12-17 03:32:29', 36, '2014-12-17 03:32:29', 36),
(73, 52, 76, 1, '2014-12-17 16:30:41', 14, NULL, NULL),
(74, 52, 77, 1, '2014-12-17 16:30:41', 14, NULL, NULL),
(75, 52, 78, 1, '2014-12-17 16:30:41', 14, NULL, NULL),
(76, 53, 79, 1, '2014-12-26 02:45:07', 9, NULL, NULL),
(77, 53, 80, 1, '2014-12-26 02:45:07', 9, NULL, NULL),
(78, 53, 81, 1, '2014-12-26 02:45:07', 9, NULL, NULL),
(79, 54, 82, 1, '2014-12-29 15:11:32', 14, NULL, NULL),
(80, 54, 83, 1, '2014-12-29 15:11:32', 14, NULL, NULL),
(81, 54, 84, 1, '2014-12-29 15:11:32', 14, NULL, NULL),
(82, 55, 85, 1, '2014-12-29 15:35:18', 34, NULL, NULL),
(83, 55, 86, 1, '2014-12-29 15:35:19', 34, NULL, NULL),
(84, 55, 87, 1, '2014-12-29 15:35:19', 34, NULL, NULL),
(85, 55, 88, 1, '2014-12-29 15:35:19', 34, NULL, NULL),
(86, 55, 89, 1, '2014-12-29 15:35:19', 34, NULL, NULL),
(87, 56, 90, 1, '2014-12-29 15:40:19', 14, NULL, NULL),
(88, 56, 91, 1, '2014-12-29 15:40:19', 14, NULL, NULL),
(89, 56, 92, 1, '2014-12-29 15:40:19', 14, NULL, NULL),
(90, 57, 93, 1, '2014-12-29 15:45:41', 14, NULL, NULL),
(91, 57, 94, 1, '2014-12-29 15:45:41', 14, NULL, NULL),
(92, 57, 95, 1, '2014-12-29 15:45:41', 14, NULL, NULL),
(93, 58, 96, 1, '2014-12-29 15:51:27', 37, NULL, NULL),
(94, 58, 97, 1, '2014-12-29 15:51:27', 37, '2014-12-29 15:51:27', 37),
(95, 58, 98, 1, '2014-12-29 15:51:27', 37, '2014-12-29 15:51:27', 37),
(96, 59, 99, 1, '2015-01-02 23:22:15', 18, NULL, NULL),
(97, 60, 100, 1, '2015-01-02 23:24:10', 16, NULL, NULL),
(98, 61, 101, 1, '2015-01-02 23:25:44', 20, NULL, NULL),
(99, 61, 102, 1, '2015-01-02 23:25:44', 20, NULL, NULL),
(100, 62, 103, 1, '2015-01-02 23:33:33', 8, NULL, NULL),
(101, 62, 104, 1, '2015-01-02 23:33:33', 8, NULL, NULL),
(102, 63, 105, 1, '2015-01-02 23:35:54', 8, NULL, NULL),
(103, 63, 106, 1, '2015-01-02 23:35:54', 8, NULL, NULL),
(106, 65, 109, 1, '2015-01-03 00:12:15', 10, NULL, NULL),
(107, 65, 110, 1, '2015-01-03 00:12:15', 10, NULL, NULL),
(108, 65, 111, 1, '2015-01-03 00:12:15', 10, NULL, NULL),
(109, 65, 112, 1, '2015-01-03 00:12:15', 10, NULL, NULL),
(110, 66, 113, 1, '2015-01-03 01:17:12', 18, NULL, NULL),
(111, 67, 114, 1, '2015-01-06 13:42:44', 18, NULL, NULL),
(113, 68, 116, 1, '2015-01-10 01:49:32', 38, '2015-01-10 01:49:32', 38),
(114, 68, 117, 1, '2015-01-10 01:49:32', 38, '2015-01-10 01:49:32', 38),
(115, 69, 118, 1, '2014-12-31 14:48:38', 18, NULL, NULL),
(116, 70, 119, 1, '2014-11-12 17:28:55', 25, NULL, NULL),
(117, 70, 120, 1, '2014-11-12 17:28:56', 25, NULL, NULL),
(118, 70, 121, 1, '2014-11-12 17:28:56', 25, NULL, NULL),
(119, 70, 122, 1, '2014-11-12 17:28:56', 25, NULL, NULL),
(120, 70, 123, 1, '2014-11-12 17:28:56', 25, NULL, NULL),
(124, 73, 127, 1, '2014-11-17 20:07:33', 26, '2014-11-17 00:00:00', NULL),
(125, 73, 128, 1, '2014-11-17 20:07:33', 26, NULL, NULL),
(126, 73, 129, 1, '2014-11-17 20:07:33', 26, NULL, NULL),
(127, 73, 130, 1, '2014-11-17 20:07:33', 26, NULL, NULL),
(128, 73, 131, 1, '2014-11-17 00:00:00', 1, NULL, NULL),
(130, 74, 133, 1, '2015-01-20 17:01:59', 26, NULL, NULL),
(131, 74, 134, 1, '2015-01-20 17:01:59', 26, NULL, NULL),
(132, 74, 135, 1, '2015-01-20 17:01:59', 26, NULL, NULL),
(133, 74, 136, 1, '2015-01-20 17:01:59', 26, NULL, NULL),
(134, 74, 137, 1, '2015-01-20 17:01:59', 26, NULL, NULL),
(135, 75, 138, 1, '2014-12-31 05:26:22', 10, NULL, NULL),
(136, 75, 139, 1, '2014-12-31 05:26:22', 10, NULL, NULL),
(137, 75, 140, 1, '2014-12-31 05:26:22', 10, NULL, NULL),
(138, 75, 141, 1, '2014-12-31 05:26:22', 10, NULL, NULL),
(139, 76, 142, 1, '2014-12-30 16:07:47', 37, NULL, NULL),
(140, 76, 143, 1, '2014-12-30 16:07:47', 37, NULL, NULL),
(141, 76, 144, 1, '2014-12-30 16:07:47', 37, NULL, NULL),
(142, 77, 145, 1, '2015-01-27 23:00:40', 39, NULL, NULL),
(143, 77, 146, 1, '2015-01-27 23:00:40', 39, '2015-01-27 23:00:40', 39),
(144, 77, 147, 1, '2015-01-27 23:00:40', 39, '2015-01-27 23:00:40', 39),
(145, 78, 148, 1, '2015-01-28 16:52:40', 40, NULL, NULL),
(146, 78, 149, 1, '2015-01-28 16:52:40', 40, '2015-01-28 16:52:40', 40),
(147, 78, 150, 1, '2015-01-28 16:52:40', 40, '2015-01-28 16:52:40', 40),
(148, 78, 151, 1, '2015-01-28 16:52:40', 40, '2015-01-28 16:52:40', 40),
(149, 79, 152, 1, '2015-01-28 17:14:09', 10, NULL, NULL),
(150, 79, 153, 1, '2015-01-28 17:14:09', 10, NULL, NULL),
(151, 79, 154, 1, '2015-01-28 17:14:09', 10, NULL, NULL),
(152, 79, 155, 1, '2015-01-28 17:14:09', 10, NULL, NULL),
(153, 80, 156, 1, '2015-01-28 17:20:27', 8, NULL, NULL),
(154, 80, 157, 1, '2015-01-28 17:20:27', 8, NULL, NULL),
(155, 81, 158, 1, '2015-01-28 17:36:38', 9, NULL, NULL),
(156, 81, 159, 1, '2015-01-28 17:36:38', 9, NULL, NULL),
(157, 81, 160, 1, '2015-01-28 17:36:38', 9, NULL, NULL),
(158, 82, 161, 1, '2015-02-05 18:30:46', 41, NULL, NULL),
(159, 82, 162, 1, '2015-02-05 18:30:46', 41, '2015-02-05 18:30:46', 41),
(160, 82, 163, 1, '2015-02-05 18:30:46', 41, '2015-02-05 18:30:46', 41),
(161, 83, 164, 1, '2015-02-24 02:57:16', 25, NULL, NULL),
(162, 83, 165, 1, '2015-02-24 02:57:16', 25, NULL, NULL),
(163, 83, 166, 1, '2015-02-24 02:57:16', 25, NULL, NULL),
(164, 83, 167, 1, '2015-02-24 02:57:16', 25, NULL, NULL),
(165, 83, 168, 1, '2015-02-24 02:57:16', 25, NULL, NULL),
(166, 84, 169, 1, '2015-02-24 02:59:07', 9, NULL, NULL),
(167, 84, 170, 1, '2015-02-24 02:59:07', 9, NULL, NULL),
(168, 84, 171, 1, '2015-02-24 02:59:07', 9, NULL, NULL),
(169, 85, 172, 1, '2015-02-24 03:18:39', 10, NULL, NULL),
(170, 85, 173, 1, '2015-02-24 03:18:39', 10, NULL, NULL),
(171, 85, 174, 1, '2015-02-24 03:18:39', 10, NULL, NULL),
(172, 85, 175, 1, '2015-02-24 03:18:39', 10, NULL, NULL),
(173, 86, 176, 1, '2015-02-24 03:23:50', 10, NULL, NULL),
(174, 86, 177, 1, '2015-02-24 03:23:50', 10, NULL, NULL),
(175, 86, 178, 1, '2015-02-24 03:23:50', 10, NULL, NULL),
(176, 86, 179, 1, '2015-02-24 03:23:50', 10, NULL, NULL),
(177, 87, 180, 1, '2015-03-02 21:27:26', 42, NULL, NULL),
(178, 87, 181, 1, '2015-03-02 21:27:26', 42, '2015-03-02 21:27:26', 42),
(179, 87, 182, 1, '2015-03-02 21:27:26', 42, '2015-03-02 21:27:26', 42),
(180, 88, 183, 1, '2015-03-04 01:48:48', 43, NULL, NULL),
(181, 88, 184, 1, '2015-03-04 01:48:48', 43, '2015-03-04 01:48:48', 43),
(182, 88, 185, 1, '2015-03-04 01:48:48', 43, '2015-03-04 01:48:48', 43),
(183, 88, 186, 1, '2015-03-04 01:48:48', 43, '2015-03-04 01:48:48', 43),
(184, 89, 187, 1, '2015-03-06 23:47:02', 44, NULL, NULL),
(185, 89, 188, 1, '2015-03-06 23:47:02', 44, '2015-03-06 23:47:02', 44),
(186, 89, 189, 1, '2015-03-06 23:47:02', 44, '2015-03-06 23:47:02', 44),
(187, 89, 190, 1, '2015-03-06 23:47:02', 44, '2015-03-06 23:47:02', 44),
(188, 89, 191, 1, '2015-03-06 23:47:02', 44, '2015-03-06 23:47:02', 44),
(189, 90, 192, 1, '2015-03-13 21:16:56', 45, NULL, NULL),
(190, 90, 193, 1, '2015-03-13 21:16:56', 45, '2015-03-13 21:16:56', 45),
(191, 90, 194, 1, '2015-03-13 21:16:56', 45, '2015-03-13 21:16:56', 45),
(192, 90, 195, 1, '2015-03-13 21:16:56', 45, '2015-03-13 21:16:56', 45),
(193, 90, 196, 1, '2015-03-13 21:16:56', 45, '2015-03-13 21:16:56', 45),
(194, 91, 197, 1, '2015-03-16 02:21:34', 46, NULL, NULL),
(195, 91, 198, 1, '2015-03-16 02:21:34', 46, '2015-03-16 02:21:34', 46),
(196, 91, 199, 1, '2015-03-16 02:21:34', 46, '2015-03-16 02:21:34', 46),
(197, 91, 200, 1, '2015-03-16 02:21:34', 46, '2015-03-16 02:21:34', 46),
(198, 91, 201, 1, '2015-03-16 02:21:34', 46, '2015-03-16 02:21:34', 46),
(199, 92, 202, 1, '2015-03-19 02:01:59', 47, NULL, NULL),
(200, 92, 203, 1, '2015-03-19 02:01:59', 47, '2015-03-19 02:01:59', 47),
(201, 92, 204, 1, '2015-03-19 02:01:59', 47, '2015-03-19 02:01:59', 47),
(202, 92, 205, 1, '2015-03-19 02:01:59', 47, '2015-03-19 02:01:59', 47),
(203, 92, 206, 1, '2015-03-19 02:01:59', 47, '2015-03-19 02:01:59', 47),
(204, 93, 207, 1, '2015-03-21 20:35:59', 48, NULL, NULL),
(205, 93, 208, 1, '2015-03-21 20:35:59', 48, '2015-03-21 20:35:59', 48),
(206, 93, 209, 1, '2015-03-21 20:35:59', 48, '2015-03-21 20:35:59', 48),
(207, 94, 210, 1, '2015-03-25 02:17:41', 49, NULL, NULL),
(208, 94, 211, 1, '2015-03-25 02:17:41', 49, '2015-03-25 02:17:41', 49),
(209, 94, 212, 1, '2015-03-25 02:17:41', 49, '2015-03-25 02:17:41', 49),
(210, 94, 213, 1, '2015-03-25 02:17:41', 49, '2015-03-25 02:17:41', 49),
(211, 94, 214, 1, '2015-03-25 02:17:41', 49, '2015-03-25 02:17:41', 49),
(212, 95, 215, 1, '2015-03-26 22:46:36', 50, NULL, NULL),
(213, 95, 216, 1, '2015-03-26 22:46:36', 50, '2015-03-26 22:46:36', 50),
(214, 95, 217, 1, '2015-03-26 22:46:36', 50, '2015-03-26 22:46:36', 50),
(215, 95, 218, 1, '2015-03-26 22:46:36', 50, '2015-03-26 22:46:36', 50),
(216, 95, 219, 1, '2015-03-26 22:46:36', 50, '2015-03-26 22:46:36', 50),
(217, 96, 220, 1, '2015-03-28 21:12:57', 51, NULL, NULL),
(218, 96, 221, 1, '2015-03-28 21:12:57', 51, '2015-03-28 21:12:57', 51),
(219, 96, 222, 1, '2015-03-28 21:12:57', 51, '2015-03-28 21:12:57', 51),
(220, 96, 223, 1, '2015-03-28 21:12:57', 51, '2015-03-28 21:12:57', 51),
(221, 96, 224, 1, '2015-03-28 21:12:57', 51, '2015-03-28 21:12:57', 51),
(222, 97, 225, 1, '2015-03-31 00:52:28', 52, NULL, NULL),
(223, 97, 226, 1, '2015-03-31 00:52:28', 52, '2015-03-31 00:52:28', 52),
(224, 97, 227, 1, '2015-03-31 00:52:28', 52, '2015-03-31 00:52:28', 52),
(225, 97, 228, 1, '2015-03-31 00:52:28', 52, '2015-03-31 00:52:28', 52),
(226, 97, 229, 1, '2015-03-31 00:52:28', 52, '2015-03-31 00:52:28', 52),
(227, 98, 230, 1, '2015-03-31 14:51:06', 53, NULL, NULL),
(228, 98, 231, 1, '2015-03-31 14:51:06', 53, '2015-03-31 14:51:06', 53),
(229, 98, 232, 1, '2015-03-31 14:51:06', 53, '2015-03-31 14:51:06', 53),
(230, 98, 233, 1, '2015-03-31 14:51:06', 53, '2015-03-31 14:51:06', 53),
(231, 98, 234, 1, '2015-03-31 14:51:06', 53, '2015-03-31 14:51:06', 53);

-- --------------------------------------------------------

--
-- Estructura de tabla para la tabla `order_details`
--

CREATE TABLE IF NOT EXISTS `order_details` (
`order_details_id` int(11) NOT NULL,
  `order_id` int(11) NOT NULL DEFAULT '0',
  `product_id` int(11) NOT NULL DEFAULT '0',
  `price` decimal(10,2) NOT NULL DEFAULT '0.00',
  `quantity` int(11) NOT NULL DEFAULT '0',
  `tax` decimal(10,2) NOT NULL DEFAULT '0.00',
  `size` varchar(50) DEFAULT NULL,
  `subtotal` decimal(10,2) NOT NULL DEFAULT '0.00',
  `status_value` tinyint(4) NOT NULL DEFAULT '0',
  `created_at` datetime NOT NULL DEFAULT '0000-00-00 00:00:00',
  `created_by` int(11) NOT NULL DEFAULT '0',
  `updated_at` datetime NOT NULL DEFAULT '0000-00-00 00:00:00',
  `updated_by` int(11) NOT NULL DEFAULT '0'
) ENGINE=InnoDB  DEFAULT CHARSET=latin1 AUTO_INCREMENT=160 ;

--
-- Volcado de datos para la tabla `order_details`
--

INSERT INTO `order_details` (`order_details_id`, `order_id`, `product_id`, `price`, `quantity`, `tax`, `size`, `subtotal`, `status_value`, `created_at`, `created_by`, `updated_at`, `updated_by`) VALUES
(1, 1, 45, '259.00', 1, '0.00', '40', '259.00', 1, '2014-10-22 17:23:11', 3, '2014-10-22 17:23:11', 3),
(2, 2, 55, '100.00', 1, '0.00', '', '100.00', 1, '2015-01-05 00:43:32', 4, '2015-01-05 00:43:32', 4),
(3, 3, 53, '100.00', 1, '0.00', '34', '100.00', 0, '2015-01-05 21:50:45', 6, '2015-01-05 21:50:45', 6),
(4, 4, 56, '100.00', 1, '0.00', '30', '100.00', 0, '2015-01-05 21:50:26', 7, '2015-01-05 21:50:26', 7),
(5, 5, 52, '100.00', 1, '0.00', '34', '100.00', 0, '2015-01-05 21:49:52', 8, '2015-01-05 21:49:52', 8),
(6, 6, 50, '100.00', 1, '0.00', '34', '100.00', 0, '2015-01-05 21:49:37', 9, '2015-01-05 21:49:37', 9),
(7, 7, 38, '189.00', 1, '0.00', 'm', '189.00', 0, '2014-10-30 16:06:05', 10, '2014-10-30 16:06:05', 10),
(8, 8, 63, '100.00', 1, '0.00', '32', '100.00', 0, '2015-01-05 16:06:17', 11, '2015-01-05 16:06:17', 11),
(9, 9, 19, '299.00', 1, '0.00', '43', '299.00', 1, '2014-10-30 04:06:40', 12, '2014-10-30 04:06:40', 12),
(11, 11, 63, '100.00', 1, '0.00', '28', '100.00', 0, '2015-01-05 16:12:42', 14, '2015-01-05 16:12:42', 14),
(12, 12, 63, '100.00', 1, '0.00', '34', '100.00', 0, '2015-01-05 16:19:48', 15, '2015-01-05 16:19:48', 15),
(13, 13, 82, '200.00', 1, '0.00', '', '200.00', 0, '2014-10-29 18:41:55', 16, '2014-10-29 18:41:55', 16),
(14, 14, 70, '99.00', 1, '0.00', 'S', '99.00', 0, '2014-10-27 22:37:15', 17, '2014-10-27 22:37:15', 17),
(15, 15, 16, '249.00', 1, '0.00', '43', '249.00', 0, '2014-11-04 22:37:42', 18, '2014-11-04 22:37:42', 18),
(16, 15, 73, '189.00', 1, '0.00', 'M', '189.00', 0, '2014-09-28 22:37:42', 18, '2014-09-28 22:37:42', 18),
(17, 15, 74, '129.00', 1, '0.00', 'M', '129.00', 0, '2014-10-28 22:37:42', 18, '2014-10-28 22:37:42', 18),
(18, 15, 71, '219.00', 1, '0.00', 'M', '219.00', 0, '2014-10-28 22:37:42', 18, '2014-10-28 22:37:42', 18),
(19, 15, 69, '229.00', 1, '0.00', 'M', '229.00', 0, '2014-10-28 22:37:42', 18, '2014-10-28 22:37:42', 18),
(20, 15, 70, '99.00', 1, '0.00', 'M', '99.00', 0, '2014-10-28 22:37:42', 18, '2014-10-28 22:37:42', 18),
(21, 15, 72, '189.00', 1, '0.00', 'M', '189.00', 0, '2014-10-28 22:37:42', 18, '2014-10-28 22:37:42', 18),
(22, 15, 68, '149.00', 1, '0.00', 'M', '149.00', 0, '2014-10-28 22:37:42', 18, '2014-10-28 22:37:42', 18),
(23, 16, 63, '100.00', 1, '0.00', '28', '100.00', 0, '2014-11-11 22:50:20', 19, '2014-11-11 22:50:20', 19),
(24, 17, 43, '89.00', 1, '0.00', 'M', '89.00', 0, '2014-11-12 16:21:13', 20, '2014-11-12 16:21:13', 20),
(32, 21, 84, '69.00', 1, '0.00', 'M', '69.00', 0, '2014-11-14 04:23:21', 10, '2014-11-14 04:23:21', 0),
(33, 21, 89, '120.00', 1, '0.00', '', '120.00', 0, '2014-11-14 04:23:21', 10, '2014-11-14 04:23:21', 0),
(34, 22, 95, '59.00', 1, '0.00', '', '59.00', 0, '2014-11-14 05:29:29', 10, '2014-11-14 05:29:29', 0),
(35, 23, 95, '59.00', 1, '0.00', '', '59.00', 0, '2014-11-14 05:28:56', 2, '2014-11-14 05:28:56', 0),
(36, 24, 49, '100.00', 1, '0.00', '32', '100.00', 0, '2015-01-05 03:57:15', 21, '2015-01-05 03:57:15', 21),
(37, 25, 50, '100.00', 1, '0.00', '32', '100.00', 0, '2015-01-05 03:57:05', 22, '2015-01-05 03:57:05', 22),
(38, 26, 89, '120.00', 1, '0.00', '', '120.00', 0, '2014-11-18 04:04:16', 23, '2014-11-18 04:04:16', 23),
(39, 27, 63, '100.00', 1, '0.00', '32', '100.00', 0, '2015-01-05 16:44:10', 24, '2015-01-05 16:44:10', 24),
(40, 28, 56, '100.00', 1, '0.00', '28', '100.00', 0, '2015-01-05 20:56:34', 25, '2015-01-05 20:56:34', 25),
(41, 29, 44, '149.00', 1, '0.00', 'm', '149.00', 0, '2014-11-17 21:20:02', 26, '2014-11-17 21:20:02', 26),
(45, 32, 38, '189.00', 1, '0.00', 'L', '189.00', 1, '2014-11-17 21:28:38', 26, '0000-00-00 00:00:00', 0),
(46, 32, 91, '39.00', 1, '0.00', 'S', '39.00', 1, '2014-11-17 21:28:38', 26, '0000-00-00 00:00:00', 0),
(49, 34, 96, '129.00', 1, '0.00', 'M', '129.00', 0, '2014-11-18 04:39:53', 25, '2014-11-18 04:39:53', 0),
(51, 36, 97, '69.00', 1, '0.00', '', '69.00', 0, '2014-11-18 05:04:15', 25, '2014-11-18 05:04:15', 0),
(52, 37, 98, '39.00', 1, '0.00', '', '39.00', 0, '2014-11-18 06:16:57', 25, '2014-11-18 06:16:57', 0),
(53, 38, 98, '39.00', 1, '0.00', '', '39.00', 0, '2014-11-18 06:36:05', 18, '2014-11-18 06:36:05', 0),
(54, 39, 99, '49.00', 1, '0.00', '', '49.00', 0, '2014-11-18 06:36:18', 18, '2014-11-18 06:36:18', 0),
(55, 40, 57, '100.00', 1, '0.00', '32', '100.00', 0, '2015-01-05 20:33:33', 28, '2015-01-05 20:33:33', 28),
(56, 41, 89, '120.00', 1, '0.00', '', '120.00', 0, '2014-12-15 01:16:38', 29, '2014-12-15 01:16:38', 29),
(57, 42, 53, '100.00', 1, '0.00', '32', '100.00', 0, '2015-01-05 20:34:03', 30, '2015-01-05 20:34:03', 30),
(58, 43, 89, '120.00', 1, '0.00', '', '120.00', 0, '2014-11-29 20:34:16', 31, '2014-11-29 20:34:16', 31),
(59, 44, 102, '100.00', 1, '0.00', '', '100.00', 0, '2014-12-04 00:01:03', 32, '2014-12-04 00:01:03', 32),
(60, 45, 89, '120.00', 1, '0.00', '', '120.00', 0, '2014-12-13 01:16:51', 33, '2014-12-13 01:16:51', 33),
(61, 46, 102, '100.00', 1, '0.00', NULL, '100.00', 0, '2014-12-13 01:17:17', 34, '2014-12-13 01:17:17', 34),
(62, 47, 103, '120.00', 1, '0.00', NULL, '120.00', 0, '2014-12-13 01:17:30', 35, '2014-12-13 01:17:30', 35),
(63, 48, 89, '120.00', 1, '0.00', '', '120.00', 0, '2014-11-29 23:50:57', 2, '2014-11-29 23:50:57', 0),
(64, 49, 28, '299.00', 1, '0.00', '43.5', '299.00', 0, '2014-12-16 23:50:48', 8, '2014-12-16 23:50:48', 0),
(65, 50, 89, '120.00', 1, '0.00', '', '120.00', 0, '2014-12-16 23:50:34', 6, '2014-12-16 23:50:34', 0),
(66, 51, 102, '100.00', 1, '0.00', NULL, '100.00', 0, '2014-12-17 03:34:20', 36, '2014-12-17 03:34:20', 36),
(67, 52, 102, '100.00', 2, '0.00', '', '200.00', 0, '2014-12-17 16:51:10', 14, '2014-12-17 16:51:10', 0),
(68, 53, 104, '140.00', 2, '0.00', '', '280.00', 0, '2014-12-26 02:47:16', 9, '2014-12-26 02:47:16', 0),
(69, 54, 23, '299.00', 1, '0.00', '42', '299.00', 0, '2014-12-29 15:12:52', 14, '2014-12-29 15:12:52', 0),
(70, 54, 40, '89.00', 1, '0.00', 'M', '89.00', 0, '2014-12-29 15:12:52', 14, '2014-12-29 15:12:52', 0),
(71, 55, 110, '130.00', 1, '0.00', '', '130.00', 0, '2014-12-29 15:35:46', 34, '2014-12-29 15:35:46', 0),
(72, 56, 111, '100.00', 2, '0.00', '', '200.00', 0, '2014-12-29 15:41:14', 14, '2014-12-29 15:41:14', 0),
(73, 57, 102, '100.00', 3, '0.00', '', '300.00', 0, '2014-12-29 15:45:56', 14, '2014-12-29 15:45:56', 0),
(74, 58, 108, '252.50', 1, '0.00', '', '252.50', 0, '2015-01-02 23:37:06', 37, '2015-01-02 23:37:06', 37),
(75, 59, 102, '100.00', 5, '0.00', '', '500.00', 0, '2015-01-02 23:37:19', 18, '2015-01-02 23:37:19', 0),
(76, 60, 104, '140.00', 1, '0.00', '', '140.00', 0, '2015-01-02 23:38:13', 16, '2015-01-02 23:38:13', 0),
(77, 61, 82, '200.00', 1, '0.00', '', '200.00', 0, '2015-01-02 23:38:59', 20, '2015-01-02 23:38:59', 0),
(78, 62, 106, '299.00', 1, '0.00', '1', '299.00', 0, '2015-01-02 23:39:12', 8, '2015-01-02 23:39:12', 0),
(79, 63, 105, '339.00', 1, '0.00', '46', '339.00', 0, '2015-01-02 23:39:35', 8, '2015-01-02 23:39:35', 0),
(80, 63, 38, '189.00', 1, '0.00', 'L', '189.00', 0, '2015-01-02 23:39:35', 8, '2015-01-02 23:39:35', 0),
(82, 65, 108, '234.00', 1, '0.00', '', '234.00', 0, '2015-01-03 00:12:37', 10, '2015-01-03 00:12:37', 0),
(83, 66, 108, '87.50', 1, '0.00', '', '87.50', 0, '2015-01-06 13:43:37', 18, '2015-01-06 13:43:37', 0),
(84, 67, 51, '100.00', 1, '0.00', '34', '100.00', 0, '2015-01-06 13:43:47', 18, '2015-01-06 13:43:47', 0),
(85, 68, 63, '100.00', 1, '0.00', '30', '100.00', 0, '2015-01-10 03:33:34', 38, '2015-01-10 03:33:34', 38),
(86, 69, 103, '120.00', 17, '0.00', '', '2040.00', 0, '2014-12-31 14:51:26', 18, '2014-12-31 14:51:26', 0),
(87, 70, 75, '69.00', 1, '0.00', 'S', '69.00', 0, '2014-11-12 17:30:02', 25, '2014-11-12 17:30:02', 0),
(88, 70, 96, '129.00', 1, '0.00', 'M', '129.00', 0, '2014-11-12 17:30:02', 25, '2014-11-12 17:30:02', 0),
(89, 70, 67, '189.00', 1, '0.00', 'S', '189.00', 0, '2014-11-12 17:30:02', 25, '2014-11-12 17:30:02', 0),
(90, 71, 90, '179.00', 1, '0.00', '', '179.00', 0, '2014-11-11 18:25:48', 18, '2014-11-11 18:25:48', 0),
(91, 71, 84, '69.00', 1, '0.00', 'S', '69.00', 0, '2014-11-11 18:25:48', 18, '2014-11-11 18:25:48', 0),
(92, 71, 76, '99.00', 1, '0.00', 'S', '99.00', 0, '2014-11-11 18:25:48', 18, '2014-11-11 18:25:48', 0),
(93, 72, 95, '59.00', 1, '0.00', '', '59.00', 0, '2014-11-17 19:49:21', 18, '2014-11-17 19:49:21', 0),
(94, 73, 38, '189.00', 1, '0.00', 'M', '189.00', 0, '2014-11-17 20:08:02', 26, '2014-11-17 20:08:02', 0),
(95, 74, 91, '39.00', 1, '0.00', 'S', '39.00', 0, '2015-01-20 17:03:12', 26, '2015-01-20 17:03:12', 0),
(96, 75, 131, '100.00', 3, '0.00', '', '300.00', 0, '2014-12-31 05:26:44', 10, '2014-12-31 05:26:44', 0),
(97, 76, 112, '88.50', 1, '0.00', '', '88.50', 0, '2015-01-23 16:18:36', 37, '2015-01-23 16:18:36', 0),
(98, 77, 143, '45.00', 1, '0.00', 'ESTANDAR', '45.00', 0, '2015-02-12 17:36:44', 39, '2015-02-12 17:36:44', 39),
(99, 78, 141, '45.00', 2, '0.00', '', '90.00', 0, '2015-01-28 16:53:33', 40, '2015-01-28 16:53:33', 40),
(100, 79, 9, '189.00', 1, '0.00', '36.5', '189.00', 0, '2015-01-28 17:14:58', 10, '2015-01-28 17:14:58', 0),
(101, 79, 128, '70.00', 1, '0.00', '38', '70.00', 0, '2015-01-28 17:14:58', 10, '2015-01-28 17:14:58', 0),
(102, 79, 114, '60.00', 1, '0.00', '34', '60.00', 0, '2015-01-28 17:14:58', 10, '2015-01-28 17:14:58', 0),
(103, 79, 81, '69.00', 1, '0.00', 'L', '69.00', 0, '2015-01-28 17:14:58', 10, '2015-01-28 17:14:58', 0),
(104, 80, 91, '39.00', 2, '0.00', 'xl', '78.00', 0, '2015-01-28 17:21:54', 8, '2015-01-28 17:21:54', 0),
(105, 81, 126, '2.90', 5, '0.00', '', '14.50', 0, '2015-01-28 17:38:00', 9, '2015-01-28 17:38:00', 0),
(106, 81, 120, '3.00', 12, '0.00', '', '36.00', 0, '2015-01-28 17:38:00', 9, '2015-01-28 17:38:00', 0),
(107, 81, 127, '6.50', 3, '0.00', '', '19.50', 0, '2015-01-28 17:38:00', 9, '2015-01-28 17:38:00', 0),
(108, 81, 119, '2.30', 2, '0.00', '', '4.60', 0, '2015-01-28 17:38:00', 9, '2015-01-28 17:38:00', 0),
(109, 81, 125, '1.20', 4, '0.00', '', '4.80', 0, '2015-01-28 17:38:00', 9, '2015-01-28 17:38:00', 0),
(110, 81, 117, '3.45', 7, '0.00', '', '24.15', 0, '2015-01-28 17:38:00', 9, '2015-01-28 17:38:00', 0),
(111, 82, 48, '189.00', 1, '0.00', '42', '189.00', 0, '2015-02-12 17:36:34', 41, '2015-02-12 17:36:34', 41),
(112, 83, 152, '45.00', 1, '0.00', 'S', '45.00', 0, '2015-02-24 02:57:48', 25, '2015-02-24 02:57:48', 0),
(113, 83, 141, '45.00', 1, '0.00', '', '45.00', 0, '2015-02-24 02:57:48', 25, '2015-02-24 02:57:48', 0),
(114, 83, 151, '48.00', 1, '0.00', '', '48.00', 0, '2015-02-24 02:57:48', 25, '2015-02-24 02:57:48', 0),
(115, 84, 152, '45.00', 1, '0.00', 'L', '45.00', 0, '2015-02-24 03:00:56', 9, '2015-02-24 03:00:56', 0),
(116, 85, 54, '70.00', 1, '0.00', '', '70.00', 0, '2015-02-24 03:20:18', 10, '2015-02-24 03:20:18', 0),
(117, 85, 155, '49.00', 1, '0.00', '', '49.00', 0, '2015-02-24 03:20:18', 10, '2015-02-24 03:20:18', 0),
(118, 85, 152, '45.00', 1, '0.00', 'M', '45.00', 0, '2015-02-24 03:20:18', 10, '2015-02-24 03:20:18', 0),
(119, 86, 9, '189.00', 1, '0.00', '36.5', '189.00', 0, '2015-02-24 03:24:18', 10, '2015-02-24 03:24:18', 0),
(120, 86, 128, '70.00', 1, '0.00', '38', '70.00', 0, '2015-02-24 03:24:18', 10, '2015-02-24 03:24:18', 0),
(121, 86, 114, '60.00', 1, '0.00', '34', '60.00', 0, '2015-02-24 03:24:19', 10, '2015-02-24 03:24:19', 0),
(122, 86, 81, '69.00', 1, '0.00', 'L', '69.00', 0, '2015-02-24 03:24:19', 10, '2015-02-24 03:24:19', 0),
(123, 87, 146, '38.00', 1, '0.00', 'M', '38.00', 0, '2015-03-14 16:51:58', 42, '2015-03-14 16:51:58', 42),
(124, 88, 146, '38.00', 1, '0.00', 'L', '38.00', 0, '2015-03-14 16:52:25', 43, '2015-03-14 16:52:25', 43),
(125, 89, 146, '38.00', 1, '0.00', 'S', '38.00', 0, '2015-03-14 16:52:55', 44, '2015-03-14 16:52:55', 44),
(126, 90, 134, '3.99', 1, '0.00', NULL, '3.99', 0, '2015-03-14 16:54:43', 45, '2015-03-14 16:54:43', 45),
(127, 90, 135, '6.40', 1, '0.00', NULL, '6.40', 0, '2015-03-14 16:54:43', 45, '2015-03-14 16:54:43', 45),
(128, 90, 127, '6.50', 1, '0.00', NULL, '6.50', 0, '2015-03-14 16:54:43', 45, '2015-03-14 16:54:43', 45),
(129, 90, 133, '10.90', 1, '0.00', NULL, '10.90', 0, '2015-03-14 16:54:43', 45, '2015-03-14 16:54:43', 45),
(130, 90, 126, '2.90', 1, '0.00', NULL, '2.90', 0, '2015-03-14 16:54:43', 45, '2015-03-14 16:54:43', 45),
(131, 91, 142, '38.00', 1, '0.00', 's', '38.00', 0, '2015-03-28 15:23:34', 46, '2015-03-28 15:23:34', 46),
(132, 92, 121, '11.50', 1, '0.00', NULL, '11.50', 0, '2015-03-23 02:48:10', 47, '2015-03-23 02:48:10', 47),
(133, 92, 165, '5.00', 1, '0.00', NULL, '5.00', 0, '2015-03-23 02:48:10', 47, '2015-03-23 02:48:10', 47),
(134, 92, 132, '6.40', 1, '0.00', NULL, '6.40', 0, '2015-03-23 02:48:10', 47, '2015-03-23 02:48:10', 47),
(135, 92, 133, '10.90', 1, '0.00', '', '10.90', 0, '2015-03-23 02:48:10', 47, '2015-03-23 02:48:10', 47),
(136, 93, 173, '3.60', 4, '0.00', '', '14.40', 0, '2015-03-23 17:58:34', 48, '2015-03-23 17:58:34', 48),
(137, 93, 170, '3.70', 2, '0.00', '', '7.40', 0, '2015-03-23 17:58:34', 48, '2015-03-23 17:58:34', 48),
(138, 93, 168, '3.50', 2, '0.00', '', '7.00', 0, '2015-03-23 17:58:34', 48, '2015-03-23 17:58:34', 48),
(139, 93, 174, '0.17', 5, '0.00', '', '0.85', 0, '2015-03-23 17:58:34', 48, '2015-03-23 17:58:34', 48),
(140, 94, 116, '6.80', 4, '0.00', '', '27.20', 1, '2015-03-25 02:17:41', 49, '2015-03-25 02:17:41', 49),
(141, 94, 170, '3.70', 1, '0.00', NULL, '3.70', 1, '2015-03-25 02:17:41', 49, '2015-03-25 02:17:41', 49),
(142, 95, 164, '7.70', 1, '0.00', NULL, '7.70', 0, '2015-03-30 15:36:43', 50, '2015-03-30 15:36:43', 50),
(143, 95, 157, '8.40', 1, '0.00', NULL, '8.40', 0, '2015-03-30 15:36:43', 50, '2015-03-30 15:36:43', 50),
(144, 95, 133, '10.90', 1, '0.00', NULL, '10.90', 0, '2015-03-30 15:36:43', 50, '2015-03-30 15:36:43', 50),
(145, 95, 132, '6.40', 1, '0.00', NULL, '6.40', 0, '2015-03-30 15:36:43', 50, '2015-03-30 15:36:43', 50),
(146, 96, 132, '6.40', 1, '0.00', NULL, '6.40', 1, '2015-03-28 21:12:57', 51, '2015-03-28 21:12:57', 51),
(147, 96, 126, '2.90', 1, '0.00', NULL, '2.90', 1, '2015-03-28 21:12:57', 51, '2015-03-28 21:12:57', 51),
(148, 96, 169, '3.80', 1, '0.00', NULL, '3.80', 1, '2015-03-28 21:12:57', 51, '2015-03-28 21:12:57', 51),
(149, 96, 123, '2.90', 1, '0.00', NULL, '2.90', 1, '2015-03-28 21:12:57', 51, '2015-03-28 21:12:57', 51),
(150, 96, 134, '3.99', 1, '0.00', NULL, '3.99', 1, '2015-03-28 21:12:57', 51, '2015-03-28 21:12:57', 51),
(151, 96, 125, '1.20', 1, '0.00', NULL, '1.20', 1, '2015-03-28 21:12:57', 51, '2015-03-28 21:12:57', 51),
(152, 97, 133, '10.90', 1, '0.00', NULL, '10.90', 1, '2015-03-31 00:52:28', 52, '2015-03-31 00:52:28', 52),
(153, 97, 127, '6.50', 1, '0.00', NULL, '6.50', 1, '2015-03-31 00:52:28', 52, '2015-03-31 00:52:28', 52),
(154, 97, 164, '7.70', 1, '0.00', NULL, '7.70', 1, '2015-03-31 00:52:28', 52, '2015-03-31 00:52:28', 52),
(155, 97, 169, '3.80', 2, '0.00', '', '7.60', 1, '2015-03-31 00:52:28', 52, '2015-03-31 00:52:28', 52),
(156, 98, 133, '10.90', 1, '0.00', NULL, '10.90', 0, '2015-04-07 18:11:18', 53, '2015-04-07 18:11:18', 53),
(157, 98, 132, '6.40', 1, '0.00', NULL, '6.40', 0, '2015-04-07 18:11:18', 53, '2015-04-07 18:11:18', 53),
(158, 98, 164, '7.70', 1, '0.00', NULL, '7.70', 0, '2015-04-07 18:11:18', 53, '2015-04-07 18:11:18', 53),
(159, 98, 159, '7.80', 1, '0.00', NULL, '7.80', 0, '2015-04-07 18:11:18', 53, '2015-04-07 18:11:18', 53);

-- --------------------------------------------------------

--
-- Estructura de tabla para la tabla `orders`
--

CREATE TABLE IF NOT EXISTS `orders` (
`order_id` int(11) NOT NULL,
  `customer_id` int(11) NOT NULL DEFAULT '0',
  `address` text NOT NULL,
  `references` text NOT NULL,
  `ticket` int(6) unsigned zerofill NOT NULL,
  `city` varchar(50) NOT NULL,
  `department` varchar(50) NOT NULL,
  `total` decimal(10,2) NOT NULL,
  `date_order` datetime DEFAULT NULL,
  `date_send` text,
  `status_value` tinyint(4) DEFAULT NULL,
  `created_at` datetime DEFAULT NULL,
  `created_by` int(11) DEFAULT NULL,
  `updated_at` datetime DEFAULT NULL,
  `updated_by` int(11) DEFAULT NULL
) ENGINE=InnoDB  DEFAULT CHARSET=latin1 AUTO_INCREMENT=99 ;

--
-- Volcado de datos para la tabla `orders`
--

INSERT INTO `orders` (`order_id`, `customer_id`, `address`, `references`, `ticket`, `city`, `department`, `total`, `date_order`, `date_send`, `status_value`, `created_at`, `created_by`, `updated_at`, `updated_by`) VALUES
(1, 3, 'Nestor Gambeta Alta Mz A Lt 24', 'A 6 cuadras de la espalda de Minka', 000000, 'Callao', 'Lima', '269.00', '2014-10-22 17:23:11', '2014-10-24 17:23:11', 1, '2014-10-22 17:23:11', 3, '2014-10-22 17:23:11', 3),
(2, 4, 'Jr', 'A la espalda de la fabrica basa', 000000, 'Santa Anita', 'Lima', '110.00', '2015-01-05 00:43:32', '2014-10-28 00:43:32', 1, '2015-01-05 00:43:32', 4, '2015-01-05 00:43:32', 4),
(3, 6, ' calle nicolas dueñas 131 urb. estela maris bellavista', 'a una cuadra de la universidad del callao', 000000, 'callao', 'Lima', '110.00', '2015-01-05 20:48:54', '2014-10-30 20:48:54', 0, '2015-01-05 21:50:45', 6, '2015-01-05 21:50:45', 6),
(4, 7, 'Jr. Rio Jequetepeque 3581 Urb. Canto Rey', 'A la espalda de la Avenida Wise', 000000, 'San Juan de Lurigancho', 'Lima', '110.00', '2015-01-05 20:59:48', '2014-10-30 20:59:48', 0, '2015-01-05 21:50:26', 7, '2015-01-05 21:50:26', 7),
(5, 8, 'av. cortijo 397 casa 9 monterrico', 'a 2 cdras. cruce el derbi con la encalada', 000000, 'santiago de surco', 'Lima', '110.00', '2015-01-05 21:21:28', '2014-10-30 21:21:28', 0, '2015-01-05 21:49:52', 8, '2015-01-05 21:49:52', 8),
(6, 9, 'jr. leoncio prado 196 Huanuco', '2 cdras. antes de la laguna', 000000, 'Huanuco', 'Huanuco', '110.00', '2015-01-05 21:37:17', '2014-10-30 21:37:17', 0, '2015-01-05 21:49:37', 9, '2015-01-05 21:49:37', 9),
(7, 10, 'av. cortijo 397 casa 9 monterrico', 'a 2 cuadras de la av derbi con la av encalada', 000000, 'santiago de surco', 'Lima', '199.00', '2014-10-28 22:03:16', '2014-10-30 22:03:16', 0, '2014-10-30 16:06:05', 10, '2014-10-30 16:06:05', 10),
(8, 11, 'Jr. Los Nogales 230 Urb. Santa Rosa de Quives', 'A la espalda de la fabrica basa', 000000, 'Santa Anita', 'Lima', '110.00', '2015-01-05 03:33:41', '2014-10-31 03:33:41', 0, '2015-01-05 16:06:17', 11, '2015-01-05 16:06:17', 11),
(9, 12, 'jr. cortijo 393 casa 9 urb. monterrico chico', 'altura de la cdra. 17 de la Av. Encalada', 000000, 'Santiago de Surco', 'Lima', '309.00', '2014-10-30 04:06:40', '2014-10-32 04:06:40', 1, '2014-10-30 04:06:40', 12, '2014-10-30 04:06:40', 12),
(11, 14, 'Av. Los Nogales 230 Urb. Santa Rosa de Quives', 'A la espalda de la fabrica basa', 000000, 'Santa Anita', 'Lima', '110.00', '2015-01-05 16:11:15', '2014-11-5 16:11:15', 0, '2015-01-05 16:12:42', 14, '2015-01-05 16:12:42', 14),
(12, 15, 'Mz A Lt 24 Gambeta Alta', 'A la altura de la parroquia del Rosario', 000000, 'Callao', 'Callao', '110.00', '2015-01-05 16:18:29', '2014-11-5 16:18:29', 0, '2015-01-05 16:19:48', 15, '2015-01-05 16:19:48', 15),
(13, 16, 'Av San Borja Norte 1325 San Borja', '', 000000, 'San Borja', 'Lima', '210.00', '2014-10-29 18:39:02', '2014-11-5 18:39:02', 0, '2014-10-29 18:41:55', 16, '2014-10-29 18:41:55', 16),
(14, 17, 'Jr. Los Nogales 230 Urb. Santa Rosa de Quives', 'A la espalda de la fabrica basa', 000000, 'Santa Anita', 'Lima', '109.00', '2014-10-27 21:33:06', '2014-11-6 21:33:06', 0, '2014-10-27 22:37:15', 17, '2014-10-27 22:37:15', 17),
(15, 18, 'Av Cortijo 397 Monterrico', 'Espalda de la embajada de EEUU', 000000, 'Surco', 'Lima', '1462.00', '2014-10-28 22:34:06', '2014-11-6 22:34:06', 0, '2014-10-28 22:37:42', 18, '2014-10-28 22:37:42', 18),
(16, 19, 'Jr. Ica 315 Int 1', 'Al costado del teatro municipal', 000007, 'Lima', 'Lima', '110.00', '2014-11-08 03:14:32', '2014-11-10 03:14:32', 0, '2014-11-11 22:50:20', 19, '2014-11-11 22:50:20', 19),
(17, 20, 'Av. San Borja Noret 1325', 'A una cuadra del pentagonito', 000011, 'San Borja', 'Lima', '99.00', '2014-11-11 02:50:01', '2014-11-13 02:50:01', 0, '2014-11-12 16:21:13', 20, '2014-11-12 16:21:13', 20),
(21, 10, 'av. cortijo 397 casa 9 monterrico', 'a 2 cuadras de la av derbi con la av encalada', 000019, 'santiago de surco', 'Lima', '189.00', '2014-11-14 04:21:05', '2014-11-16 04:21:05', 0, '2014-11-14 04:23:21', 10, '2014-11-14 04:23:21', NULL),
(22, 10, 'av. cortijo 397 casa 9 monterrico', 'a 2 cuadras de la av derbi con la av encalada', 000016, 'santiago de surco', 'Lima', '59.00', '2014-11-14 04:58:28', '2014-11-16 04:58:28', 0, '2014-11-14 05:29:29', 10, '2014-11-14 05:29:29', NULL),
(23, 2, 'Nestor Gambeta Alta Mz A Lt 24', 'A 6 cuadras de la espalda de Minka', 000022, 'Callao', 'Lima', '59.00', '2014-11-14 05:03:04', '2014-11-16 05:03:04', 0, '2014-11-14 05:28:56', 2, '2014-11-14 05:28:56', NULL),
(24, 21, 'Jr. Juan Castilla 400 -  San Juan de Miraflores', 'A una Cdra del Cine Star', 000000, 'Lima', 'Lima', '110.00', '2015-01-05 02:27:55', '2014-11-18 02:27:55', 0, '2015-01-05 03:57:15', 21, '2015-01-05 03:57:15', 21),
(25, 22, 'Urb. Canto Rey Calle Rio jequetepeue', '3581', 000000, 'San Juan de Lurigancho', 'Lima', '110.00', '2015-01-05 02:51:10', '2014-11-18 02:51:10', 0, '2015-01-05 03:57:05', 22, '2015-01-05 03:57:05', 22),
(26, 23, 'Av. Las Flores Pasaje. Lirica 170', 'Curva de las flores a espalda de la cochera', 000018, 'San Juan de Lurigancho', 'Lima', '130.00', '2014-11-17 16:37:05', '2014-11-19 16:37:05', 0, '2014-11-18 04:04:16', 23, '2014-11-18 04:04:16', 23),
(27, 24, 'Jr. Los Nogales 230 Urb. Santa Rosa de Quives', 'A la espalda de la fabrica basa', 000000, 'Santa Anita', 'Lima', '110.00', '2015-01-05 16:42:25', '2014-11-19 16:42:25', 0, '2015-01-05 16:44:10', 24, '2015-01-05 16:44:10', 24),
(28, 25, 'Av. Santa rosa mz b lote "6"', 'Mall aventura plaza', 000000, 'Bellavista', 'Lima', '110.00', '2015-01-05 20:51:35', '2014-11-19 20:51:35', 0, '2015-01-05 20:56:34', 25, '2015-01-05 20:56:34', 25),
(29, 26, 'gambetta Alta mz "A" lote 24', 'Parroquia El Rosario.', 000014, 'callao', 'Lima', '159.00', '2014-11-17 21:02:36', '2014-11-19 21:02:36', 0, '2014-11-17 21:20:02', 26, '2014-11-17 21:20:02', 26),
(34, 25, 'Av. Santa rosa mz b lote "6"', 'Mall aventura plaza', 000015, 'Bellavista', 'Lima', '129.00', '2014-11-18 04:38:22', '2014-11-20 04:38:22', 0, '2014-11-18 04:39:53', 25, '2014-11-18 04:39:53', NULL),
(36, 25, 'Av. Santa rosa mz b lote "6"', 'Mall aventura plaza', 000017, 'Bellavista', 'Lima', '69.00', '2014-11-18 05:03:57', '2014-11-20 05:03:57', 0, '2014-11-18 05:04:15', 25, '2014-11-18 05:04:15', NULL),
(37, 25, 'Av. Santa rosa mz b lote "6"', 'Mall aventura plaza', 000016, 'Bellavista', 'Lima', '39.00', '2014-11-18 06:15:10', '2014-11-20 06:15:10', 0, '2014-11-18 06:16:57', 25, '2014-11-18 06:16:57', NULL),
(38, 18, 'Av Cortijo 397 Monterrico', 'Espalda de la embajada de EEUU', 000017, 'Surco', 'Lima', '39.00', '2014-11-18 06:20:34', '2014-11-20 06:20:34', 0, '2014-11-18 06:36:05', 18, '2014-11-18 06:36:05', NULL),
(39, 18, 'Av Cortijo 397 Monterrico', 'Espalda de la embajada de EEUU', 000016, 'Surco', 'Lima', '49.00', '2014-11-18 06:34:42', '2014-11-20 06:34:42', 0, '2014-11-18 06:36:18', 18, '2014-11-18 06:36:18', NULL),
(40, 28, 'Jr. Los Quinuales 381 - 3er piso C', 'Alt. Paradero 2 de las flores', 000000, 'San Juan de Lurigancho', 'Lima', '110.00', '2015-01-05 03:54:33', '2014-11-24 03:54:33', 0, '2015-01-05 20:33:33', 28, '2015-01-05 20:33:33', NULL),
(41, 29, 'Jr. Los Nogales 236 Urb. Santa Rosa de Quives', 'A La espalda de la fabrica Basa', 000000, 'Santa Anita', 'Lima', '130.00', '2014-12-15 18:15:19', '2014-11-24 18:15:19', 0, '2014-12-15 01:16:37', 29, '2014-12-15 01:16:37', NULL),
(42, 30, 'Jr. Rio jequetepeque 3581 Urb. Canto rey', 'Alt. Av Wise 10', 000000, 'San Juan de Lurigancho', 'Lima', '110.00', '2015-01-05 03:05:41', '2014-11-25 03:05:41', 0, '2015-01-05 20:34:02', 30, '2015-01-05 20:34:02', NULL),
(43, 31, 'Jr. Los Nogales 230 Urb. Santa Rosa de Quives', 'A la espalda de la fabrica basa', 000021, 'Santa Anita', 'Lima', '130.00', '2014-11-29 20:31:11', '2014-11-31 20:31:11', 0, '2014-11-29 20:34:16', 31, '2014-11-29 20:34:16', NULL),
(44, 32, 'Av. Felipe de Zela 737 Urb. Los Ficus', 'Cruce de la Av 7 de Junio con Felipe de Zela , Por el mercado los Ficus', 000000, 'Santa Anita', 'Lima', '110.00', '2014-12-01 23:53:54', '2014-12-3 23:53:54', 0, '2014-12-04 00:01:02', 32, '2014-12-04 00:01:02', NULL),
(45, 33, 'Jr. Los Nogales 230 Urb. Santa Rosa de Quives', 'Gambeta Alta', 000000, 'Callao', 'Lima', '130.00', '2014-12-12 01:19:08', '2014-12-14 01:19:08', 0, '2014-12-13 01:16:51', 33, '2014-12-13 01:16:51', NULL),
(46, 34, 'Jr. Los quinuales 381 - 3er piso C ', 'Alt. Paradero 2 de las Flores', 000000, 'San Juan de Lurigancho', 'Lima', '110.00', '2014-12-13 01:06:37', '2014-12-15 01:06:37', 0, '2014-12-13 01:17:17', 34, '2014-12-13 01:17:17', NULL),
(47, 35, 'Jr. Los Nogales 230 Urb. Santa Rosa de Quives', 'Alt. de la espalda de la fabrica basa', 000000, 'Lima', 'Lima', '130.00', '2014-12-13 01:14:19', '2014-12-15 01:14:19', 0, '2014-12-13 01:17:30', 35, '2014-12-13 01:17:30', NULL),
(48, 2, 'Nestor Gambeta Alta Mz A Lt 24', 'A 6 cuadras de la espalda de Minka', 000000, 'Callao', 'Lima', '120.00', '2014-11-29 23:39:15', '2014-12-18 23:39:15', 0, '2014-11-29 23:50:57', 2, '2014-11-29 23:50:57', NULL),
(49, 8, 'av. cortijo 397 casa 9 monterrico', 'a 2 cdras. cruce el derbi con la encalada', 000000, 'santiago de surco', 'Lima', '299.00', '2014-12-16 23:42:07', '2014-12-18 23:42:07', 0, '2014-12-16 23:50:47', 8, '2014-12-16 23:50:47', NULL),
(50, 6, ' calle nicolas dueñas 131 urb. estela maris bellavista', 'a una cuadra de la universidad del callao', 000000, 'callao', 'Lima', '120.00', '2014-12-16 23:47:14', '2014-12-18 23:47:14', 0, '2014-12-16 23:50:34', 6, '2014-12-16 23:50:34', NULL),
(51, 36, 'Jr. Los Nogales 230 Urb. Santa Rosa de Quives', 'A la espalda de la fabrica Basa', 000000, 'San Juan de Lurigancho', 'Lima', '110.00', '2014-12-17 03:32:29', '2014-12-19 03:32:29', 0, '2014-12-17 03:34:20', 36, '2014-12-17 03:34:20', NULL),
(52, 14, 'Av. Los Nogales 230 Urb. Santa Rosa de Quives', 'A la espalda de la fabrica basa', 000000, 'Santa Anita', 'Lima', '210.00', '2014-12-17 16:30:41', '2014-12-19 16:30:41', 0, '2014-12-17 16:51:10', 14, '2014-12-17 16:51:10', NULL),
(53, 9, 'jr. leoncio prado 196 Huanuco', '2 cdras. antes de la laguna', 000000, 'Huanuco', 'Huanuco', '290.00', '2014-12-26 02:45:07', '2014-12-28 02:45:07', 0, '2014-12-26 02:47:16', 9, '2014-12-26 02:47:16', NULL),
(54, 14, 'Av. Los Nogales 230 Urb. Santa Rosa de Quives', 'A la espalda de la fabrica basa', 000000, 'Santa Anita', 'Lima', '398.00', '2014-12-29 15:11:32', '2014-12-31 15:11:32', 0, '2014-12-29 15:12:52', 14, '2014-12-29 15:12:52', NULL),
(55, 34, 'Jr. Los quinuales 381 - 3er piso C ', 'Alt. Paradero 2 de las Flores', 000000, 'San Juan de Lurigancho', 'Lima', '140.00', '2014-12-29 15:35:18', '2014-12-31 15:35:18', 0, '2014-12-29 15:35:46', 34, '2014-12-29 15:35:46', NULL),
(56, 14, 'Av. Los Nogales 230 Urb. Santa Rosa de Quives', 'A la espalda de la fabrica basa', 000000, 'Santa Anita', 'Lima', '210.00', '2014-12-29 15:40:19', '2014-12-31 15:40:19', 0, '2014-12-29 15:41:14', 14, '2014-12-29 15:41:14', NULL),
(57, 14, 'Av. Los Nogales 230 Urb. Santa Rosa de Quives', 'A la espalda de la fabrica basa', 000000, 'Santa Anita', 'Lima', '310.00', '2014-12-29 15:45:40', '2014-12-31 15:45:40', 0, '2014-12-29 15:45:56', 14, '2014-12-29 15:45:56', NULL),
(58, 37, 'Av. San Juan 1110 ', 'Al frende del edifio de Telefonica', 000000, 'San Juan de Miraflores', 'Lima', '262.50', '2014-12-29 15:51:27', '2014-12-31 15:51:27', 0, '2015-01-02 23:37:06', 37, '2015-01-02 23:37:06', NULL),
(59, 18, 'Av Cortijo 397 Monterrico', 'Espalda de la embajada de EEUU', 000000, 'Surco', 'Lima', '510.00', '2015-01-02 23:22:15', '2015-01-4 23:22:15', 0, '2015-01-02 23:37:19', 18, '2015-01-02 23:37:19', NULL),
(60, 16, 'Av San Borja Norte 1325 San Borja', '', 000000, 'San Borja', 'Lima', '150.00', '2015-01-02 23:24:10', '2015-01-4 23:24:10', 0, '2015-01-02 23:38:13', 16, '2015-01-02 23:38:13', NULL),
(61, 20, 'Av. San Borja Noret 1325', 'A una cuadra del pentagonito', 000000, 'San Borja', 'Lima', '210.00', '2015-01-02 23:25:44', '2015-01-4 23:25:44', 0, '2015-01-02 23:38:59', 20, '2015-01-02 23:38:59', NULL),
(62, 8, 'av. cortijo 397 casa 9 monterrico', 'a 2 cdras. cruce el derbi con la encalada', 000000, 'santiago de surco', 'Lima', '309.00', '2015-01-02 23:33:33', '2015-01-4 23:33:33', 0, '2015-01-02 23:39:12', 8, '2015-01-02 23:39:12', NULL),
(63, 8, 'av. cortijo 397 casa 9 monterrico', 'a 2 cdras. cruce el derbi con la encalada', 000000, 'santiago de surco', 'Lima', '538.00', '2015-01-02 23:35:54', '2015-01-4 23:35:54', 0, '2015-01-02 23:39:35', 8, '2015-01-02 23:39:35', NULL),
(65, 10, 'av. cortijo 397 casa 9 monterrico', 'a 2 cuadras de la av derbi con la av encalada', 000000, 'santiago de surco', 'Lima', '244.00', '2015-01-03 00:12:15', '2015-01-5 00:12:15', 0, '2015-01-03 00:12:37', 10, '2015-01-03 00:12:37', NULL),
(66, 18, 'Av Cortijo 397 Monterrico', 'Espalda de la embajada de EEUU', 000000, 'Surco', 'Lima', '97.50', '2015-01-03 01:17:12', '2015-01-5 01:17:12', 0, '2015-01-06 13:43:37', 18, '2015-01-06 13:43:37', NULL),
(67, 18, 'Av Cortijo 397 Monterrico', 'Espalda de la embajada de EEUU', 000000, 'Surco', 'Lima', '110.00', '2015-01-06 13:42:44', '2015-01-8 13:42:44', 0, '2015-01-06 13:43:47', 18, '2015-01-06 13:43:47', NULL),
(68, 38, 'Nestor Gambetta Alta MZ A Lt24', 'espalda de minka', 000000, 'Callao', 'Lima', '110.00', '2015-01-10 01:49:32', '2015-01-12 01:49:32', 0, '2015-01-10 03:33:34', 38, '2015-01-10 03:33:34', NULL),
(69, 18, 'Av Cortijo 397 Monterrico', 'Espalda de la embajada de EEUU', 000050, 'Surco', 'Lima', '2050.00', '2014-12-31 14:48:37', '2015-01-18 14:48:38', 0, '2014-12-31 14:51:26', 18, '2014-12-31 14:51:26', NULL),
(70, 25, 'Av. Santa rosa mz b lote "6"', 'Mall aventura plaza', 000010, 'Bellavista', 'Lima', '397.00', '2014-11-12 17:28:55', '2015-01-21 17:28:55', 0, '2014-11-12 17:30:02', 25, '2014-11-12 17:30:02', NULL),
(71, 18, 'Av Cortijo 397 Monterrico', 'Espalda de la embajada de EEUU', 000008, 'Surco', 'Lima', '357.00', '2014-11-11 18:23:27', '2015-01-21 18:23:27', 0, '2014-11-11 18:25:48', 18, '2014-11-11 18:25:48', NULL),
(72, 18, 'Av Cortijo 397 Monterrico', 'Espalda de la embajada de EEUU', 000018, 'Surco', 'Lima', '69.00', '2014-11-17 19:47:39', '2015-01-21 19:47:39', 0, '2014-11-17 19:49:21', 18, '2014-11-17 19:49:21', NULL),
(73, 26, 'gambetta Alta mz "A" lote 24', 'Parroquia El Rosario.', 000014, 'callao', 'Lima', '199.00', '2014-11-17 20:07:33', '2015-01-21 20:07:33', 0, '2014-11-17 20:08:02', 26, '2014-11-17 20:08:02', NULL),
(74, 26, 'gambetta Alta mz "A" lote 24', 'Parroquia El Rosario.', 000000, 'callao', 'Lima', '49.00', '2015-01-20 17:01:59', '2015-01-22 17:01:59', 0, '2015-01-20 17:03:12', 26, '2015-01-20 17:03:12', NULL),
(75, 10, 'av. cortijo 397 casa 9 monterrico', 'a 2 cuadras de la av derbi con la av encalada', 000000, 'santiago de surco', 'Lima', '310.00', '2014-12-31 05:26:22', '2015-01-25 05:26:22', 0, '2014-12-31 05:26:44', 10, '2014-12-31 05:26:44', NULL),
(76, 37, 'Av. San Juan 1110 ', 'Al frende del edifio de Telefonica', 000046, 'San Juan de Miraflores', 'Lima', '98.50', '2014-12-30 16:07:47', '2015-01-25 16:07:47', 0, '2015-01-23 16:18:35', 37, '2015-01-23 16:18:35', NULL),
(77, 39, 'Calle el Carmen B19 - Chimbote', 'frente a la iglesia de los mormones', 000000, 'Chimbote', 'Ancash', '55.00', '2015-01-27 23:00:40', '2015-01-29 23:00:40', 0, '2015-02-12 17:36:43', 39, '2015-02-12 17:36:43', NULL),
(78, 40, 'Jr. Aguilar Cdra 1', 'Mercado modelo', 000000, 'Huanuco', 'Huanuco', '100.00', '2015-01-28 16:52:40', '2015-01-30 16:52:40', 0, '2015-01-28 16:53:33', 40, '2015-01-28 16:53:33', NULL),
(79, 10, 'av. cortijo 397 casa 9 monterrico', 'a 2 cuadras de la av derbi con la av encalada', 000000, 'santiago de surco', 'Lima', '398.00', '2015-01-28 17:14:09', '2015-01-30 17:14:09', 0, '2015-01-28 17:14:58', 10, '2015-01-28 17:14:58', NULL),
(80, 8, 'av. cortijo 397 casa 9 monterrico', 'a 2 cdras. cruce el derbi con la encalada', 000000, 'santiago de surco', 'Lima', '88.00', '2015-01-28 17:20:27', '2015-01-30 17:20:27', 0, '2015-01-28 17:21:54', 8, '2015-01-28 17:21:54', NULL),
(81, 9, 'jr. leoncio prado 196 Huanuco', '2 cdras. antes de la laguna', 000000, 'Huanuco', 'Huanuco', '113.55', '2015-01-28 17:36:38', '2015-01-30 17:36:38', 0, '2015-01-28 17:38:00', 9, '2015-01-28 17:38:00', NULL),
(82, 41, 'Jr.bernandino romero 712 zona D ', 'Por la clinica San Pablo', 000000, 'San Juan de Miraflores', 'Lima', '199.00', '2015-02-05 18:30:46', '2015-02-7 18:30:46', 0, '2015-02-12 17:36:34', 41, '2015-02-12 17:36:34', NULL),
(83, 25, 'Av. Santa rosa mz b lote "6"', 'Mall aventura plaza', 000000, 'Bellavista', 'Lima', '148.00', '2015-02-24 02:57:16', '2015-02-26 02:57:16', 0, '2015-02-24 02:57:48', 25, '2015-02-24 02:57:48', NULL),
(84, 9, 'jr. leoncio prado 196 Huanuco', '2 cdras. antes de la laguna', 000000, 'Huanuco', 'Huanuco', '55.00', '2015-02-24 02:59:07', '2015-02-26 02:59:07', 0, '2015-02-24 03:00:56', 9, '2015-02-24 03:00:56', NULL),
(85, 10, 'av. cortijo 397 casa 9 monterrico', 'a 2 cuadras de la av derbi con la av encalada', 000000, 'santiago de surco', 'Lima', '174.00', '2015-02-24 03:18:39', '2015-02-26 03:18:39', 0, '2015-02-24 03:20:18', 10, '2015-02-24 03:20:18', NULL),
(86, 10, 'av. cortijo 397 casa 9 monterrico', 'a 2 cuadras de la av derbi con la av encalada', 000000, 'santiago de surco', 'Lima', '398.00', '2015-02-24 03:23:50', '2015-02-26 03:23:50', 0, '2015-02-24 03:24:18', 10, '2015-02-24 03:24:18', NULL),
(87, 42, 'jr arica 247 urb. san juanito s.j.m', 'alfrente de la peña, cruzando el puente ', 000000, 'lima', 'Lima', '48.00', '2015-03-02 21:27:26', '2015-03-4 21:27:26', 0, '2015-03-14 16:51:58', 42, '2015-03-14 16:51:58', NULL),
(88, 43, 'Jr. Arica 255', 'alfrente de la peña, cruzando el puente', 000000, 'San Juan de Miraflores', 'Lima', '48.00', '2015-03-04 01:48:48', '2015-03-6 01:48:48', 0, '2015-03-14 16:52:25', 43, '2015-03-14 16:52:25', NULL),
(89, 44, 'jr arica 142 urb. san juanito ', 'paradero la peña ', 000000, 'san juan de miraflores', 'Lima', '48.00', '2015-03-06 23:47:02', '2015-03-8 23:47:02', 0, '2015-03-14 16:52:55', 44, '2015-03-14 16:52:55', NULL),
(90, 45, 'ampliacion comite 45 MZ 206 b Lt 5  av.final progreso vallecito alto san gabriel alto VMT', 'altura de paradero la 96', 000000, 'lima', 'Lima', '40.69', '2015-03-13 21:16:56', '2015-03-15 21:16:56', 0, '2015-03-14 16:54:43', 45, '2015-03-14 16:54:43', NULL),
(91, 46, 'av. belisario suarez 877 zona E-2B san juan de miraflores', 'clinica santa maria del sur', 000000, 'lima', 'Lima', '48.00', '2015-03-16 02:21:34', '2015-03-18 02:21:34', 0, '2015-03-28 15:23:34', 46, '2015-03-28 15:23:34', NULL),
(92, 47, 'jr. jose del carmen velastegui #464', 'al frente del essalud de san juan de miraflores ', 000000, 'lima', 'Lima', '43.80', '2015-03-19 02:01:59', '2015-03-21 02:01:59', 0, '2015-03-23 02:48:10', 47, '2015-03-23 02:48:10', NULL),
(93, 48, 'Av.peru 2652', 'Av. peru con Av. universitaria', 000000, 'san martin de porres', 'Lima', '39.65', '2015-03-21 20:35:59', '2015-03-23 20:35:59', 0, '2015-03-23 17:58:33', 48, '2015-03-23 17:58:33', NULL),
(94, 49, 'Juan Castilla #725', 'A la espalda de Sedapal ', 000000, 'San Juan de Miraflores', 'Lima', '40.90', '2015-03-25 02:17:41', '2015-03-27 02:17:41', 1, '2015-03-25 02:17:41', 49, NULL, NULL),
(95, 50, 'ingnacio seminario #386 zona B  SJM', 'cerca a ciudad de los niños', 000000, 'lima', 'Lima', '43.40', '2015-03-26 22:46:36', '2015-03-28 22:46:36', 0, '2015-03-30 15:36:43', 50, '2015-03-30 15:36:43', NULL),
(96, 51, 'Mz P Lote 7 Los Incas', 'Espalda del Colegio los Incas , Frente a Cedros ', 000000, 'Chorrillos', 'Lima', '31.19', '2015-03-28 21:12:57', '2015-03-30 21:12:57', 1, '2015-03-28 21:12:57', 51, NULL, NULL),
(97, 52, 'jr. manuel jaramillo 265 zona b', 'altura cuadra 2 de la CT', 000000, 'lima', 'Lima', '42.70', '2015-03-31 00:52:28', '2015-03-33 00:52:28', 1, '2015-03-31 00:52:28', 52, NULL, NULL),
(98, 53, 'Ignacio Seminario #386 Zona B SJM', 'Ciudad de los niños', 000000, 'Lima', 'Lima', '42.80', '2015-03-31 14:51:06', '2015-03-33 14:51:06', 0, '2015-04-07 18:11:18', 53, '2015-04-07 18:11:18', NULL);

-- --------------------------------------------------------

--
-- Estructura de tabla para la tabla `products`
--

CREATE TABLE IF NOT EXISTS `products` (
`product_id` int(11) NOT NULL,
  `code` varchar(25) NOT NULL,
  `id_category` int(11) NOT NULL DEFAULT '0',
  `name` varchar(250) DEFAULT NULL,
  `sumilla` text CHARACTER SET utf8 COLLATE utf8_spanish_ci,
  `description` text CHARACTER SET utf8 COLLATE utf8_spanish_ci,
  `custom_image` text,
  `big_image` text,
  `medium_image` text,
  `small_image` text,
  `price` decimal(10,2) DEFAULT NULL,
  `price_del` decimal(10,2) DEFAULT NULL,
  `pay_sale` decimal(10,2) DEFAULT NULL,
  `stock` int(11) DEFAULT NULL,
  `position` int(11) DEFAULT NULL,
  `tags` text,
  `status_value` tinyint(1) DEFAULT NULL,
  `created_at` datetime DEFAULT NULL,
  `created_by` int(11) DEFAULT NULL,
  `updated_at` datetime DEFAULT NULL,
  `updated_by` int(11) DEFAULT NULL
) ENGINE=MyISAM  DEFAULT CHARSET=latin1 AUTO_INCREMENT=176 ;

--
-- Volcado de datos para la tabla `products`
--

INSERT INTO `products` (`product_id`, `code`, `id_category`, `name`, `sumilla`, `description`, `custom_image`, `big_image`, `medium_image`, `small_image`, `price`, `price_del`, `pay_sale`, `stock`, `position`, `tags`, `status_value`, `created_at`, `created_by`, `updated_at`, `updated_by`) VALUES
(1, '', 2, 'Adidas 360 2 w 14', 'Descripción: Material: Textil-sintetico, Color: Coral, Taco: 1 cm, Forro: Sintético, Planta: EVA, Plantilla: Textil,Talla: 37.5', 'Descripción:\r\n\r\n. Material: Textil-sintetico\r\n. Color: Coral\r\n. Taco: 1 cm\r\n. Forro: Sintético\r\n. Planta: EVA\r\n. Plantilla: Textil\r\n. Talla: 37.5\r\n', '9a5996c898c8c767.jpg', '5713519ae0a1d42f.jpg', '9a5996c898c8c7672.jpg', '9a5996c898c8c7673.jpg', '299.00', '0.00', '6.20', 1, 1, 'Zapatillas,Adidas,Mujeres,Deportivas', 1, '2014-10-11 19:21:46', 3, '2014-10-11 19:21:46', 3),
(2, '', 2, 'Adidas AT 360 2pr', 'Descripción: Material: Cuero, Color: Gris, Taco: 1 cm, Forro: Cuero, Planta: EVA,Plantilla: Textil, Talla: 36.5', 'Descripción:\r\n. Material: Cuero\r\n. Color: Gris\r\n. Taco: 1 cm\r\n. Forro: Cuero\r\n. Planta: EVA\r\n. Plantilla: Textil\r\nTalla: 36.5', '9f0b715132e0dc71.jpg', '389d8b8c1ef1afdb.jpg', '9f0b715132e0dc712.jpg', '9f0b715132e0dc713.jpg', '286.00', '299.00', '10.00', 1, 2, 'Zapatillas,Adidas,Mujeres,Deportivas', 1, '2014-10-13 22:54:27', 3, '2014-10-13 22:54:27', 3),
(3, '', 2, 'Adidas Ayari Celeb W 14', 'Descripción: Material: Textil-sintetico, Color: Azul, Taco: 1 cm, Forro: Textil, Planta: EVA, Plantilla: Textil, Talla: 37 - 38', 'Descripción:\r\n. Material: Textil-sintetico\r\n. Color: Azul\r\n. Taco: 1 cm\r\n. Forro: Textil\r\n. Planta: EVA\r\n. Plantilla: Textil\r\n. Talla: 37 - 38', 'aabfa776e9d0bfbe.jpg', 'aabfa776e9d0bfbe1.jpg', 'aabfa776e9d0bfbe2.jpg', 'aabfa776e9d0bfbe3.jpg', '277.00', '289.00', '10.00', 2, 1, 'Zapatillas,Adidas,Mujeres,Deportivas', 1, '2014-10-11 19:53:04', 3, '2014-10-11 19:53:04', 3),
(4, '', 2, 'Adidas Breeze W G97199', 'Descripción: Material exterior: Sintético, Revestimiento: Tela, Suela: Goma, Cierre: Cordones, Taco: Plano, Talla: 36 - 36.5', 'Descripción:\r\n. Material exterior: Sintético\r\n. Revestimiento: Tela\r\n. Suela: Goma\r\n. Cierre: Cordones\r\n. Taco: Plano\r\n. Talla: 36 - 36.5', '7a183cab8a4d73ef.jpg', '7a183cab8a4d73ef1.jpg', '7a183cab8a4d73ef2.jpg', '7a183cab8a4d73ef3.jpg', '181.00', '249.00', '10.00', 3, 1, 'Zapatillas,Adidas,Mujeres,Deportivas', 1, '2014-10-11 19:59:46', 3, '2014-10-11 19:59:46', 3),
(5, '', 2, 'Nike Flex W 14 RN', 'Descripción: Material: Sintetico-textil, Color: Negro , Taco: 1 cm, Forro: Sintético, Planta: EVA, Plantilla: Textil, Talla: 36.5 - 37-5 - 38.5', 'Descripción:\r\n. Material: Sintetico-textil\r\n. Color: Negro \r\n. Taco: 1 cm\r\n. Forro: Sintético\r\n. Planta: EVA\r\n. Plantilla: Textil\r\n. Talla: 36.5 - 37-5 - 38.5\r\n', 'fcd2110c018b736b.jpg', 'fcd2110c018b736b1.jpg', 'fcd2110c018b736b2.jpg', 'fcd2110c018b736b3.jpg', '245.00', '289.00', '10.00', 3, 1, 'Zapatillas,Nike,Mujeres,Deportivas', 1, '2014-10-11 20:06:38', 3, '2014-10-11 20:06:38', 3),
(6, '', 2, 'Adidas Bbpark Mid W', 'Descripción: Material: Textil, Color: Plomo, Taco: 1 cm, Forro: Textil, Planta: Caucho, Plantilla: Textil, Talla: 37\r\n', 'Descripción:\r\n. Material: Textil\r\n. Color: Plomo\r\n. Taco: 1 cm\r\n. Forro: Textil\r\n. Planta: Caucho\r\n. Plantilla: Textil\r\n. Talla: 37\r\n', '6f9f0f732977202b.jpg', '6f9f0f732977202b1.jpg', '6f9f0f732977202b2.jpg', '6f9f0f732977202b3.jpg', '245.00', '265.00', '10.00', 1, 1, 'Zapatillas,Adidas,Mujeres,Urbanas', 1, '2014-10-11 21:28:39', 3, '2014-10-11 21:28:39', 3),
(7, '', 2, 'Adidas Neo Bbpark Mid W', 'Descripción: Material: Textil, Color: Negro, Taco: 1 cm, Forro: Textil, Planta: EVA, Plantilla: Textil, Talla: 37\r\n', 'Descripción:\r\n. Material: Textil\r\n. Color: Negro\r\n. Taco: 1 cm\r\n. Forro: Textil\r\n. Planta: EVA\r\n. Plantilla: Textil\r\n. Talla: 37\r\n', '8f1fe6b134836217.jpg', '8f1fe6b1348362171.jpg', '8f1fe6b1348362172.jpg', '8f1fe6b1348362173.jpg', '245.00', '265.00', '10.00', 1, 1, 'Zapatillas,Adidas,Mujeres,Urbanas', 1, '2014-10-11 21:32:36', 3, '2014-10-11 21:32:36', 3),
(8, '', 2, 'Adidas V Racer Nylon ', 'Descripción: Suela de goma para impactos resistentes, Varilla de nylon suave, comodidad a tu estilo, Forro: Textil, Plástico reforzado, para una larga de vida de tus zapatillas, Entresuela de EVA, Pasadores clásicos,Talla: 36 - 36.5 - 38', 'Descripción:\r\n- Suela de goma para impactos resistentes\r\n- Varilla de nylon suave, comodidad a tu estilo\r\n- Forro: Textil\r\n- Plástico reforzado, para una larga de vida de tus zapatillas\r\n- Entresuela de EVA\r\n- Pasadores clásicos\r\n- Talla: 36 - 36.5 - 38', '8a49817e5dd60879.jpg', '86fb11c581f1a503.jpg', '703d114ed93002dc2.jpg', '703d114ed93002dc3.jpg', '189.00', '0.00', '6.50', 3, 1, 'Zapatillas,Adidas,Mujeres,Urbanas', 1, '2014-10-11 23:07:00', 3, '2014-10-11 23:07:00', 3),
(9, '', 2, 'Adidas V Racer Nylon', 'Descripción: Suela de goma para impactos resistentes, Varilla de nylon suave, comodidad a tu estilo, Forro: Textil, Plástico reforzado, para una larga de vida de tus zapatillas. Entresuela de EVA, Pasadores clásicos, Talla: 36 - 36.5', 'Descripción:\r\n- Suela de goma para impactos resistentes\r\n- Varilla de nylon suave, comodidad a tu estilo\r\n- Forro: Textil\r\n- Plástico reforzado, para una larga de vida de tus zapatillas\r\n- Entresuela de EVA\r\n- Pasadores clásicos\r\n- Talla: 36 - 36.5', '9d16236c2447af1d.jpg', '98545a0d4d656501.jpg', '9d16236c2447af1d2.jpg', '9d16236c2447af1d3.jpg', '189.00', '0.00', '6.50', 1, 1, 'Zapatillas,Adidas,Mujeres,Urbanas', 1, '2014-10-11 22:46:04', 3, '2014-10-11 22:46:04', 3),
(10, '', 2, 'Nike Capri III W BK', 'Descripción: Material: Textil, Color: Negro, Taco: 1 cm, Forro: Textil, Planta: EVA, Plantilla: Textil, Talla: 37 - 38 - 38.5', 'Descripción:\r\n. Material: Textil\r\n. Color: Negro\r\n. Taco: 1 cm\r\n. Forro: Textil\r\n. Planta: EVA\r\n. Plantilla: Textil\r\n. Talla: 37 - 38 - 38.5\r\n', '74948222531078f4.jpg', '74948222531078f41.jpg', '74948222531078f42.jpg', '74948222531078f43.jpg', '286.00', '299.00', '10.00', 3, 1, 'Zapatillas,Nike,Mujeres,Urbanas', 1, '2014-10-11 22:59:40', 3, '2014-10-11 22:59:40', 3),
(11, '', 2, 'Nike Little RN W', 'Descripción: Material: Sintetico-textil, Color: Fucsia, Taco: 1 cm, Forro: Textil, Planta: EVA, Plantilla: Textil, Talla: 37 - 38', 'Descripción:\r\n. Material: Sintetico-textil\r\n. Color: Fucsia\r\n. Taco: 1 cm\r\n. Forro: Textil\r\n. Planta: EVA\r\n. Plantilla: Textil\r\n. Talla: 37 - 38\r\n', '4fc074bfa78447df.jpg', '4fc074bfa78447df1.jpg', '4fc074bfa78447df2.jpg', '4fc074bfa78447df3.jpg', '289.00', '0.00', '6.40', 2, 1, 'Zapatillas,Nike,Mujeres,Urbanas', 1, '2014-10-11 21:56:34', 3, '2014-10-11 21:56:34', 3),
(12, '', 2, 'Nike Studio TR BK', 'Descripción: Material: Sintetico-textil, Color: Negro, Taco: 1 cm, Forro: Sintético, Planta: EVA, Plantilla: Textil, Talla: 38', 'Descripción:\r\n. Material: Sintetico-textil\r\n. Color: Negro\r\n. Taco: 1 cm\r\n. Forro: Sintético\r\n. Planta: EVA\r\n. Plantilla: Textil\r\n. Talla: 38\r\n', 'ffe9c3ca071e4928.jpg', 'ffe9c3ca071e49281.jpg', 'ffe9c3ca071e49282.jpg', 'ffe9c3ca071e49283.jpg', '297.00', '299.00', '10.00', 1, 1, 'Zapatillas,Nike,Mujeres,Urbanas', 1, '2014-10-11 22:00:20', 3, '2014-10-11 22:00:20', 3),
(13, '', 2, 'Puma Cat III Drift Bling', 'Es una zapatilla de estilo de vida sencillo, moderno y chic. The Cat Drift 3 es una necesidad para cualquier actividad de deporte. Color: blanco-fiesta fucsia, Material: Sintético textil, Talla: 37', 'Es una zapatilla de estilo de vida sencillo, moderno y chic. The Cat Drift 3 es una necesidad para cualquier actividad de deporte.\r\n. Color: blanco-fiesta fucsia \r\n. Material: Sintético textil\r\n. Talla: 37', '5dc1c8f012597543.jpg', '5dc1c8f0125975431.jpg', '5dc1c8f0125975432.jpg', '5dc1c8f0125975433.jpg', '170.00', '189.00', '10.00', 1, 1, 'Zapatillas,Puma,Mujeres,Urbanas', 1, '2014-10-11 22:58:27', 3, '2014-10-11 22:58:27', 3),
(14, '', 2, 'Puma First Round Wildy JR ', 'Para las mujeres que buscan el mejor estilo urbano y femenino, llegaron las Zapatillas Puma First Round. Material: Cuero sintético, Planta: Suela de goma EVA, Color: Estampado de flores a contratono en la parte del cuello del calzado. Talla: 38\r\n', 'Para las mujeres que buscan el mejor estilo urbano y femenino, llegaron las Zapatillas Puma First Round. \r\n. Material: Cuero sintético\r\n. Planta: Suela de goma EVA \r\n. Color: Estampado de flores a contratono en la parte del cuello del calzado.\r\n. Talla: 38\r\n\r\n', 'e2a163f9b90513f7.JPG', 'e37c05bc0b51d61a.JPG', 'e2a163f9b90513f72.JPG', 'e2a163f9b90513f73.JPG', '184.00', '189.00', '10.00', 1, 1, 'Zapatillas,Puma,Mujeres,Urbanas', 1, '2014-10-11 22:20:49', 3, '2014-10-11 22:20:49', 3),
(15, '', 2, 'Puma Glyde Lo Trop W', 'Descripción: Material: Cuero-sintetico, Color: Fucsia, Taco: 1 cm, Forro: Cuero, Planta: Caucho, Empeine: Gamuza, cómodo y elegante, Talla: 37', 'Descripción:\r\n. Material: Cuero-sintetico\r\n. Color: Fucsia\r\n. Taco: 1 cm\r\n. Forro: Cuero\r\n. Planta: Caucho\r\n. Empeine: Gamuza, cómodo y elegante.\r\n. Talla: 37', 'c4f50f2e17da5cc4.jpg', 'e8af648975c9c1e4.jpg', 'e8af648975c9c1e41.jpg', 'c4f50f2e17da5cc43.jpg', '184.00', '229.00', '10.00', 1, 1, 'Zapatillas,Puma,Mujeres,Urbanas', 1, '2014-10-11 23:01:45', 3, '2014-10-11 23:01:45', 3),
(16, '', 2, 'Adidas Element SL 14', 'Descripción: Material: Sintetico, Color: Gris, Taco: 1 cm, Forro: Textil, Planta: Sintético, Plantilla: Textil, Talla: 41 - 42 - 43', 'Descripción:\r\n. Material: Sintetico\r\n. Color: Gris\r\n. Taco: 1 cm\r\n. Forro: Textil\r\n. Planta: Sintético\r\n. Plantilla: Textil\r\n. Talla: 41 - 42 - 43', '96c93594b07c3928.jpg', '96c93594b07c39281.jpg', '96c93594b07c39282.jpg', '96c93594b07c39283.jpg', '235.00', '249.00', '10.00', 2, 1, 'Zapatillas,Adidas,Varones,Deportivas', 1, '2014-10-11 23:15:23', 3, '2014-10-11 23:15:23', 3),
(17, '', 2, 'Adidas TRX F32763', 'Descripción: Material: Sintético, Planta: Taches de caucho para dar perfecto agarre en terrenos duros y pasto artificial. Cordones: Clásicos, Talla 42.5', 'Descripción:\r\n. Material: Sintético\r\n- Planta: Taches de caucho para dar perfecto agarre en terrenos duros y pasto artificial. \r\n- Cordones: Clásicos\r\n- Talla 42.5', '67817061ff301f82.jpg', 'af7c9e15db34def0.jpg', '67817061ff301f822.jpg', '67817061ff301f823.jpg', '179.00', '219.00', '10.00', 1, 1, 'Zapatillas,Adidas,Varones,Deportivas', 1, '2014-10-11 23:53:16', 3, '2014-10-11 23:53:16', 3),
(18, '', 2, 'Nike Flex 2013 RN Running Shoes', 'Descripción: Material exterior: Sintético, Color: Gris, Planta: Goma, Cierre: Cordones, Talla: 41 - 42 - 43', 'Descripción:\r\n. Material exterior: Sintético\r\n. Color: Gris\r\n. Planta: Goma\r\n. Cierre: Cordones\r\n. Talla: 41 - 42 - 43\r\n', 'efb7f6104a8ef714.jpeg', 'c07e3e8881e7b4d5.jpeg', 'efb7f6104a8ef7142.jpeg', 'efb7f6104a8ef7143.jpeg', '261.00', '299.00', '10.00', 3, 2, 'Zapatillas,Nike,Varones,Deportivas', 1, '2014-10-13 23:01:58', 3, '2014-10-13 23:01:58', 3),
(19, '', 2, 'Nike Flex Show TR ', 'Descripción: Material: textil sintético, Color: negro, Forro: textil, Suela: goma, Talla: 41 - 42', 'Descripción:\r\n. Material: textil sintético\r\n. Color: negro\r\n. Forro: textil\r\n. Suela: goma\r\n. Talla: 41 - 42', '6e0cea5dd8cc887d.jpg', '6e0cea5dd8cc887d1.jpg', '6e0cea5dd8cc887d2.jpg', '6e0cea5dd8cc887d3.jpg', '261.00', '299.00', '10.00', 1, 1, 'Zapatillas,Nike,Varones,Deportivas', 1, '2014-10-11 23:41:47', 3, '2014-10-11 23:41:47', 3),
(20, '', 2, 'Adidas Porsche GT CUP', 'Estilo y comodidad así podemos representar este grande de las pistas el PORSCHE GT CUP con una combinación de la tecnología con los materiales más ligeros, perfectos para corredores y aficionados de las carreras. \r\nTalla: 41.5', 'Estilo y comodidad así podemos representar este grande de las pistas el PORSCHE GT CUP con una combinación de la tecnología con los materiales más ligeros, perfectos para corredores y aficionados de las carreras. \r\nTalla: 41.5', '6321e85fb1700aab.jpg', '9f6951a2f1a0925f.jpg', '6321e85fb1700aab2.jpg', '6321e85fb1700aab3.jpg', '297.00', '299.00', '10.00', 1, 1, 'Zapatillas,Adidas,Varones,Urbanas', 1, '2014-10-13 20:00:38', 3, '2014-10-13 20:00:38', 3),
(21, '', 2, 'Adidas Neo Oirab', 'Descripción: Material: Cuero, Color: Negro, Taco: 1 cm, Forro: Sintético, Planta: EVA, Plantilla: Textil, Talla: 42', 'Descripción:\r\n• Material: Cuero\r\n• Color: Negro\r\n• Taco: 1 cm\r\n• Forro: Sintético\r\n• Planta: EVA\r\n• Plantilla: Textil\r\n• Talla: 42\r\n\r\n', '4d95592f84e57a85.jpg', 'd6a52d5eedc5d609.jpg', '4d95592f84e57a852.jpg', '4d95592f84e57a853.jpg', '212.00', '249.00', '10.00', 1, 1, 'Zapatillas,Adidas,Varones,Urbanas', 1, '2014-10-13 20:02:02', 3, '2014-10-13 20:02:02', 3),
(22, '', 2, 'Adidas Vracer Lea M14', 'Descripción: Material: Cuero, Color: Gris, Taco: 1 cm, Forro: Textil, Planta: EVA, Plantilla: Textil, Talla: 41- 42 - 43', 'Descripción:\r\n. Material: Cuero\r\n. Color: Gris\r\n. Taco: 1 cm\r\n. Forro: Textil\r\n. Planta: EVA\r\n. Plantilla: Textil\r\n. Talla: 41- 42 - 43\r\n', '9f314e90c456fed9.jpg', '9f314e90c456fed91.jpg', '9f314e90c456fed92.jpg', '9f314e90c456fed93.jpg', '286.00', '299.00', '10.00', 3, 1, 'Zapatillas,Adidas,Varones,Urbanas', 1, '2014-10-13 20:22:23', 3, '2014-10-13 20:22:23', 3),
(23, '', 2, 'Nike Capri III 14 BK', 'Descripción: Material: Cuero, Color: Negro, Taco: 1 cm, Forro: Cuero, Planta: EVA, Plantilla: Textil, Talla: 41- 42 - 43', 'Descripción:\r\n. Material: Cuero\r\n. Color: Negro\r\n. Taco: 1 cm\r\n. Forro: Cuero\r\n. Planta: EVA\r\n. Plantilla: Textil\r\n. Talla: 41- 42 - 43\r\n', '0e583e57dae72914.jpg', '0e583e57dae729141.jpg', '0e583e57dae729142.jpg', '0e583e57dae729143.jpg', '299.00', '0.00', '8.40', 2, 1, 'Zapatillas,Nike,Varones,Urbanas', 1, '2014-10-13 20:26:01', 3, '2014-10-13 20:26:01', 3),
(24, '', 2, 'Nike Rabona BK', 'Descripción: Material Cuero-textil, Color Negro, Taco 1 cm, Forro Textil, Planta EVA, Plantilla Textil, Talla: 42', 'Descripción\r\nMaterial Cuero-textil\r\nColor Negro\r\nTaco 1 cm\r\nForro Textil\r\nPlanta EVA\r\nPlantilla Textil\r\nTalla: 42', '919e9ea70c02bb21.jpg', '919e9ea70c02bb211.jpg', '919e9ea70c02bb212.jpg', '919e9ea70c02bb213.jpg', '299.00', '0.00', '6.00', 1, 1, 'Zapatillas,Nike,Varones,Urbanas', 1, '2014-10-13 20:29:55', 3, '2014-10-13 20:29:55', 3),
(25, '', 2, 'Nike Sprtswr CL', 'Descripción: Material: Cuero, Color: Negro / Rojo, Taco: 1 cm, Forro: Textil, Planta: Caucho, Plantilla: Textil, Talla: 41 - 42 - 42.5 - 43', 'Descripción:\r\n. Material: Cuero\r\n. Color: Negro / Rojo\r\n. Taco: 1 cm\r\n. Forro: Textil\r\n. Planta: Caucho\r\n. Plantilla: Textil\r\n. Talla: 41 - 42 - 42.5 - 43\r\n', '63afc6ea5d8f8be2.jpg', '63afc6ea5d8f8be21.jpg', '63afc6ea5d8f8be22.jpg', '63afc6ea5d8f8be23.jpg', '299.00', '0.00', '8.40', 5, 1, 'Zapatillas,Nike,Varones,Urbanas', 1, '2014-10-13 20:33:34', 3, '2014-10-13 20:33:34', 3),
(26, '', 2, 'Puma Drift Cat ', 'Los Tenis Puma Drift Cat va a encantar a los que buscan una pieza clave para hacer un look cool día a día. Duraderos con los detalles del logo mejoran la parte visual del calzado. Material exterior: Cuero, Planta: EVA, Talla: 43', 'Los Tenis Puma Drift Cat va a encantar a los que buscan una pieza clave para hacer un look cool día a día. Duraderos con los detalles del logo mejoran la parte visual del calzado.\r\n. Material exterior: Cuero \r\n- Planta: EVA\r\n. Talla: 43', '2605efc0c1e2dfe2.jpg', '2605efc0c1e2dfe21.jpg', '2605efc0c1e2dfe22.jpg', '2605efc0c1e2dfe23.jpg', '226.00', '249.00', '10.00', 1, 1, 'Zapatillas,Puma,Varones,Urbanas', 1, '2014-10-13 20:42:28', 3, '2014-10-13 20:42:28', 3),
(27, '', 2, 'Puma Valorosso Lo Sf Web Cage', 'Descripción: Material: Sintetico-textil, Color: Negro / Rojo, Taco: 1 cm, Forro: Textil, Planta: EVA, Plantilla: Textil, Talla: 41 - 42 - 43', 'Descripción:\r\n• Material: Sintetico-textil\r\n• Color: Negro / Rojo\r\n• Taco: 1 cm\r\n• Forro: Textil\r\n• Planta: EVA\r\n• Plantilla: Textil\r\n• Talla: 41 - 42 - 43\r\n\r\n', '371db10e621e5071.jpg', '371db10e621e50711.jpg', '5748a79eb19469a92.jpg', '5748a79eb19469a93.jpg', '297.00', '299.00', '10.00', 3, 2, 'Zapatillas,Puma,Varones,Urbanas', 1, '2014-10-13 22:48:19', 3, '2014-10-13 22:48:20', 3),
(28, '', 2, 'Adidas Porsche 550', 'DETALLES DEL PRODUCTO: Adidas originales zapatos negros Porsche 550 R, con acentos blancos y es ideal para su uso en la vida cotidiana. Material: Cuero, Cierre: Cordones, Forro: Textil para el confort térmico, Plantilla: EVA, Suela: goma, Talla: 41 - 42.5 - 43.5', 'DETALLES DEL PRODUCTO \r\nAdidas originales zapatos negros Porsche 550 R, con acentos blancos y es ideal para su uso en la vida cotidiana. \r\n. Material: Cuero \r\n. Cierre: Cordones \r\n. Forro: Textil para el confort térmico\r\n. Plantilla: EVA  \r\n. Suela: goma\r\n. Talla: 41 - 42.5 - 43.5\r\n', '7eb573704735f49a.jpg', '7eb573704735f49a1.jpg', '7eb573704735f49a2.jpg', '7eb573704735f49a3.jpg', '297.00', '299.00', '10.00', 2, 1, 'Zapatillas,Adidas,Varones,Urbanas', 1, '2014-10-13 22:09:53', 3, '2014-10-13 22:09:53', 3),
(29, '', 2, 'Puma Ducati Testastretta III ', 'Descripción: Zapatillas muy cómodas y atractivas para su uso diario, Material cuero sintético, Detalle en talón de metal con diseño Cool, Basadas en el automovilismo, Corte estrecho y ajuste perfecto, Logo de Ducati en el talón, Talla: 42.5 – 44', 'Descripción:\r\n. Zapatillas muy cómodas y atractivas para su uso diario\r\n. Material cuero sintético\r\n. Detalle en talón de metal con diseño Cool\r\n. Basadas en el automovilismo\r\n. Corte estrecho y ajuste perfecto\r\n. Logo de Ducati en el talón \r\n. Talla: 42.5 – 44\r\n', '9445c48e41ad571a.jpg', '9ee37863820c9817.jpg', '9445c48e41ad571a2.jpg', '9445c48e41ad571a3.jpg', '297.00', '349.00', '10.00', 2, 1, 'Zapatillas,Puma,Varones,Urbanas', 1, '2014-10-13 22:55:30', 3, '2014-10-13 22:55:30', 3),
(30, '', 2, 'Puma Future Cat M1', 'El Puma Future Cat M1 es sofisticado y elegante con elementos de diseño, como los acentos de cromo, un talón de división y una nueva pasada de construcción para un ajuste increíble.Color: Negro / Blanco, Material: Cuero, Forro: textil, Talla: 44.5', 'El Puma Future Cat M1 es sofisticado y elegante con elementos de diseño, como los acentos de cromo, un talón de división y una nueva pasada de construcción para un ajuste increíble.\r\n. Color: Negro / Blanco \r\n. Material: Cuero \r\n. Forro: textil\r\n. Talla: 44.5', 'c519ea779f350977.jpg', 'c519ea779f3509771.jpg', 'c519ea779f3509772.jpg', 'c519ea779f3509773.jpg', '262.00', '299.00', '17.50', 1, 1, 'Zapatillas,Puma,Varones,Urbanas', 1, '2014-10-13 23:20:12', 3, '2014-10-13 23:20:12', 3),
(31, '', 2, 'Puma Evo Speed Mid 1.2 Mercedes', 'Con estilo y perfil bajo y los colores y el emblema de Mercedes. No importa si eres piloto o aficionado solo basta tener el espíritu del automovilismo\r\n• Empeine de cuero, con franja característica PUMA de malla en el costado, Cierre con correa de velcro para un ajuste cómodo\r\n• Plantilla permeable EcoOrthoLite  para un calce óptimo y mayor comodidad\r\n• Entresuela acolchada para mayor comodidad, Talón con borde redondeado de conductor, Suela exterior de goma con agarre, con recortes en el talón\r\n• Logo de PUMA Cat \r\n• Logo del escudo de Mercedes \r\n• Material: Cuero, sintético \r\n• Entresuela: EVA\r\n• Suela: Caucho\r\n• Talla: 41 - 42 - 42.5', 'Con estilo y perfil bajo y los colores y el emblema de Mercedes. No importa si eres piloto o aficionado solo basta tener el espíritu del automovilismo\r\n• Empeine de cuero, con franja característica PUMA de malla en el costado\r\n• Cierre con correa de velcro para un ajuste cómodo\r\n• Plantilla permeable EcoOrthoLite  para un calce óptimo y mayor comodidad\r\n• Entresuela acolchada para mayor comodidad\r\n• Talón con borde redondeado de conductor\r\n• Suela exterior de goma con agarre, con recortes en el talón\r\n• Logo de PUMA Cat \r\n• Logo del escudo de Mercedes \r\n• Material: Cuero, sintético \r\n• Entresuela: EVA\r\n• Suela: Caucho\r\n• Talla: 41 - 42 - 42.5', '57a012a276a98419.jpg', '57a012a276a984191.jpg', '57a012a276a984192.jpg', '57a012a276a984193.jpg', '329.00', '0.00', '9.40', 3, 1, 'Zapatillas,Puma,Varones,Urbanas', 1, '2014-10-14 00:13:27', 3, '2014-10-14 00:13:27', 3),
(32, '', 2, 'Puma 11 Rebound ', 'Descripción: Color: Blanco, Estilo: Skate, Pasadores: Planos, Material: Capellada 90% sintético, 10% textil, Forro: 100% textil, Plantilla: 100% textil, Planta: 100% caucho, Talla: 42', 'Descripción:\r\n• Color: Blanco\r\n• Estilo: Skate\r\n• Pasadores: Planos\r\n• Material: Capellada 90% sintético, 10% textil\r\n• Forro: 100% textil\r\n• Plantilla: 100% textil\r\n• Planta: 100% caucho\r\n• Talla: 42', 'faf0922f744b11bd.jpg', 'faf0922f744b11bd1.jpg', 'faf0922f744b11bd2.jpg', 'faf0922f744b11bd3.jpg', '226.00', '249.00', '10.00', 1, 1, 'Zapatillas,Puma,Varones,Urbanas', 1, '2014-10-15 21:10:03', 3, '2014-10-15 21:10:03', 3),
(33, '', 2, 'Puma BMW Pilot Mid Ankle Sneakers', 'Descripción: Material: Cuero sintético, Forro: Tela externa, Planta: EVA, Cierre: Cordones, Punta: Forma redonda, Color: Gris, Talla: 42.5', 'Descripción:   \r\nMaterial: Cuero sintético \r\nForro: Tela externa \r\nPlanta: EVA \r\nCierre: Cordones \r\nPunta: Forma redonda \r\nColor: Gris\r\nTalla: 42.5', 'a5ecd49ff4aa544d.jpeg', 'a5ecd49ff4aa544d1.jpeg', 'a5ecd49ff4aa544d2.jpeg', 'a5ecd49ff4aa544d.jpg', '283.00', '329.00', '10.00', 1, 1, 'Zapatillas,Puma,Varones,Urbanas', 1, '2014-10-15 22:10:58', 3, '2014-10-15 22:10:58', 3),
(34, '', 2, 'Puma Speed Lite Cat', 'Descripción: Microfibra sintética para una mirada futurista Cap presionado Heat-toe, eyestay y franja. Característica PUMA para mantener una construcción sin costuras \r\nDetalles gráficos de velocidad inspirado \r\nCierre con cordones para un ajuste perfecto \r\nPanel de talón que ofrece un modelo marcado con espuma interna para un volumen extra. \r\nSuela de EVA ligero para comodidad, con almohadillas de caucho para mayor tracción.\r\nTalón del conductor redondeado \r\nTalla: 42', 'Descripción:\r\nMicrofibra sintética para una mirada futurista \r\nCap presionado Heat-toe, eyestay y franja característica PUMA para mantener una construcción sin costuras \r\nDetalles gráficos de velocidad inspirado \r\nCierre con cordones para un ajuste perfecto \r\nPanel de talón que ofrece un modelo marcado con espuma interna para un volumen extra. \r\nSuela de EVA ligero para comodidad, con almohadillas de caucho para mayor tracción.\r\nTalón del conductor redondeado \r\nTalla: 42', '1c3a93b614ff37bc.jpeg', '1c3a93b614ff37bc1.jpeg', '1c3a93b614ff37bc2.jpeg', '1c3a93b614ff37bc3.jpeg', '297.00', '299.00', '10.00', 0, 1, 'Zapatillas,Puma,Varones,Urbanas', 1, '2014-10-15 22:23:28', 3, '2014-10-15 22:23:28', 3),
(35, '', 2, 'Puma Speed Cat Lite', 'Descripción: Microfibra sintética para una mirada futurista Cap presionado Heat-toe, eyestay y franja característica PUMA para mantener una construcción sin costuras Detalles gráficos de velocidad inspirado Cierre con cordones para un ajuste perfecto Panel de talón que ofrece un modelo marcado con espuma interna para un volumen extra. Suela de EVA ligero para comodidad, con almohadillas de caucho para mayor tracción. Talón del conductor redondeado Talla: 42 - 42.5 - 44.5', 'Descripción: Microfibra sintética para una mirada futurista Cap presionado Heat-toe, eyestay y franja característica PUMA para mantener una construcción sin costuras Detalles gráficos de velocidad inspirado Cierre con cordones para un ajuste perfecto Panel de talón que ofrece un modelo marcado con espuma interna para un volumen extra. Suela de EVA ligero para comodidad, con almohadillas de caucho para mayor tracción. Talón del conductor redondeado Talla: 42 - 42.5 - 44.5', '56385995df84871d.jpeg', '56385995df84871d1.jpeg', '56385995df84871d2.jpeg', '56385995df84871d3.jpeg', '297.00', '299.00', '10.00', 3, 1, 'Zapatillas,Puma,Varones,Urbanas', 1, '2014-10-15 22:28:29', 3, '2014-10-15 22:28:29', 3),
(36, '', 2, 'Puma Axel Lce Wns', 'Descripción: Material exterior: Sintético, Revestimiento: tela, Material de la suela: goma, Cierre: Cordones, Tipo de tacón: plano, Talla: 37, Color: Uva - Rosado', 'Descripción:\r\n• Material exterior: Sintético\r\n• Revestimiento: tela\r\n• Material de la suela: goma\r\n• Cierre: Cordones\r\n• Tipo de tacón: plano\r\n• Talla: 37\r\n• Color: Uva - Rosado\r\n', 'ae5a90cdf2dd5c22.jpg', 'ae5a90cdf2dd5c221.jpg', 'ae5a90cdf2dd5c222.jpg', 'ae5a90cdf2dd5c223.jpg', '226.00', '249.00', '10.00', 2, 1, 'Zapatillas,Puma,Mujeres,Deportivas', 1, '2014-10-15 23:25:03', 3, '2014-10-15 23:25:03', 3),
(37, '', 2, 'Kamila Espadrille Dots Wns', 'Kamila Alpargata es la nueva zapatilla vulcanizada, que tiene confort y buena apariencia absolutamente de moda para las mujeres.\r\nEl material superior es de cuero con estilo, mientras que la media suela de alpargatas tiene un diseño único de patrón de puntos, con brillantes detalles de color que no faltan. Parte superior de piel: elegante y cómodo de llevar. La plantilla EcoOrthoLite® cuida el medio ambiente y proporciona más comodidad, retención de la forma, con un efecto antimicrobiano. La suela  es de goma vulcanizada para un agarre óptimo. \r\nTallas: 35.5 - 36 - 36.5 - 37 - 38 - 38.5 -39', 'Kamila Alpargata es la nueva zapatilla vulcanizada, que tiene confort y buena apariencia absolutamente de moda para las mujeres.\r\nEl material superior es de cuero con estilo, mientras que la media suela de alpargatas tiene un diseño único de patrón de puntos, con brillantes detalles de color que no faltan. Parte superior de piel: elegante y cómodo de llevar. La plantilla EcoOrthoLite® cuida el medio ambiente y proporciona más comodidad, retención de la forma, con un efecto antimicrobiano. La suela  es de goma vulcanizada para un agarre óptimo. \r\nTallas: 35.5 - 36 - 36.5 - 37 - 38 - 38.5 -39', '340f94d683e3bbed.jpg', '7d630469c803f8c3.jpg', '340f94d683e3bbed2.jpg', '340f94d683e3bbed3.jpg', '201.00', '229.00', '10.00', 14, 1, 'Zapatillas,Puma,Mujeres,Urbanas', 1, '2014-10-18 19:31:26', 3, '2014-10-18 19:31:26', 3),
(38, '567071 01', 3, 'Polo Ferrari Black', 'Polo con el escudo del equipo de Formula 1 Scuderia Ferrari, fabricado por Puma.\r\nSi eres fan de la scuderia Ferrari o de sus pilotos Fernando Alonso y Kimi Raikkonen o sus probadores Pedro de la Rosa, Marc Gené o Davide Rigon no puedes dejar pasar la oportunidad de hacerte con esta moderna camiseta representativa de la marca.\r\nDetalles:\r\nColor: negro con detalles en gris en los hombros.\r\nProducto oficial de alta calidad Scuderia Ferrari para hombre.\r\nLogo Scuderia Ferrari en negro.\r\nParche del Scudetto Ferrari en la parte alta de la espalda.\r\nLogo Puma impreso en la manga izquierda\r\nDetalle con colores de la bandera de Italia en la manga derecha\r\nMaterial: 100 % Algodón\r\nTallas: S - M - L - XL', 'Polo con el escudo del equipo de Formula 1 Scuderia Ferrari, fabricado por Puma.\r\nSi eres fan de la scuderia Ferrari o de sus pilotos Fernando Alonso y Kimi Raikkonen o sus probadores Pedro de la Rosa, Marc Gené o Davide Rigon no puedes dejar pasar la oportunidad de hacerte con esta moderna camiseta representativa de la marca.\r\nDetalles:\r\nColor: negro con detalles en gris en los hombros.\r\nProducto oficial de alta calidad Scuderia Ferrari para hombre.\r\nLogo Scuderia Ferrari en negro.\r\nParche del Scudetto Ferrari en la parte alta de la espalda.\r\nLogo Puma impreso en la manga izquierda\r\nDetalle con colores de la bandera de Italia en la manga derecha\r\nMaterial: 100 % Algodón\r\nTallas: S - M - L - XL', 'd7148f9a4e1ed4b2.jpg', '85f0b222ffacc949.jpg', 'a00b07a311a777d71.jpg', 'a00b07a311a777d72.jpg', '189.00', '0.00', '18.10', 3, 2, 'Puma,Varones,Polo', 1, '2014-10-21 06:54:33', 3, '2014-10-21 06:54:33', 3),
(39, '270948', 3, 'Polo GR EC MUGHSHOT PL', 'Si te gustan los motivos gráficos, esta camiseta de algodón de la colección de Reebok impreso en el estilo de pop con colores vibrantes, estará a tu gusto. Patrón de colores muestra el modelo más famoso zapato esta reconocida marca de ropa deportiva.  \r\nComposición: \r\nAlgodón: el 65% \r\nPoliéster: 35% \r\nTalla: M\r\nColor: Plomo', 'Si te gustan los motivos gráficos, esta camiseta de algodón de la colección de Reebok impreso en el estilo de pop con colores vibrantes, estará a tu gusto. Patrón de colores muestra el modelo más famoso zapato esta reconocida marca de ropa deportiva.  \r\nComposición: \r\nAlgodón: el 65% \r\nPoliéster: 35% \r\nTalla: M\r\nColor: Plomo', 'd702ed71ba127a6c.jpg', 'a748c68ed1335f72.jpg', 'd702ed71ba127a6c2.jpg', 'd702ed71ba127a6c.jpeg', '89.00', '0.00', '7.30', 2, 1, 'Reebok,Varones,Polo', 1, '2014-10-19 00:11:50', 3, '2014-10-19 00:11:50', 3),
(40, '270948', 3, 'Polo GR EC MUGHSHOT', 'Si te gustan los motivos gráficos, esta camiseta de algodón de la colección de Reebok impreso en el estilo de pop con colores vibrantes, estará a tu gusto. Patrón de colores muestra el modelo más famoso zapato esta reconocida marca de ropa deportiva. Composición: Algodón: el 65% Poliéster: 35% Talla: M Color: Blanco', 'Si te gustan los motivos gráficos, esta camiseta de algodón de la colección de Reebok impreso en el estilo de pop con colores vibrantes, estará a tu gusto. Patrón de colores muestra el modelo más famoso zapato esta reconocida marca de ropa deportiva. Composición: Algodón: el 65% Poliéster: 35% Talla: M Color: Blanco', 'eef25abb8b7ebda6.jpg', 'ac7c6ee2c9da2fc3.jpg', 'eef25abb8b7ebda62.jpg', 'ac7c6ee2c9da2fc31.jpg', '89.00', '0.00', '7.30', 1, 1, 'Reebok,Varones,Polo', 1, '2014-10-18 23:38:54', 3, '2014-10-18 23:38:54', 3),
(41, '562639 01', 3, 'MINI Twin Jacket', 'Un verdadero tesoro para los fanáticos de la marca MINI, es la chaqueta Puma, hecho en 100% algodón. Tallas: S - M - L - XL', 'Un verdadero tesoro para los fanáticos de la marca MINI, es la chaqueta Puma, hecho en 100% algodón \r\nTallas: S - M - L - XL', 'ca93a748e32925b9.jpg', 'facb06a8347e6e03.jpg', 'ca93a748e32925b92.jpg', 'ca93a748e32925b93.jpg', '449.00', '0.00', '33.80', 6, 1, 'Puma,Varones', 1, '2014-10-21 03:31:50', 3, '2014-10-21 03:31:50', 3),
(42, '56707102', 3, 'Polo Ferrari Rosso Corsa', 'Polo con el escudo del equipo de Formula 1 Scuderia Ferrari, fabricado por Puma. Si eres fan de la scuderia Ferrari o de sus pilotos Fernando Alonso y Kimi Raikkonen o sus probadores Pedro de la Rosa, Marc Gené o Davide Rigon no puedes dejar pasar la oportunidad de hacerte con esta moderna camiseta representativa de la marca. Detalles: Color: rojo. Producto oficial de alta calidad Scuderia Ferrari para hombre. Logo Scuderia Ferrari en negro. Parche del Scudetto Ferrari en la parte alta de la espalda. Logo Puma impreso en la manga izquierda Detalle con colores de la bandera de Italia en la manga derecha Material: 100 % Algodón Tallas: S - M - L - XL', 'Polo con el escudo del equipo de Formula 1 Scuderia Ferrari, fabricado por Puma. Si eres fan de la scuderia Ferrari o de sus pilotos Fernando Alonso y Kimi Raikkonen o sus probadores Pedro de la Rosa, Marc Gené o Davide Rigon no puedes dejar pasar la oportunidad de hacerte con esta moderna camiseta representativa de la marca. Detalles: Color: rojo. Producto oficial de alta calidad Scuderia Ferrari para hombre. Logo Scuderia Ferrari en negro. Parche del Scudetto Ferrari en la parte alta de la espalda. Logo Puma impreso en la manga izquierda Detalle con colores de la bandera de Italia en la manga derecha Material: 100 % Algodón Tallas: S - M - L - XL', 'bd9929b775aa9779.jpg', 'f72a91b69885e6ab.jpg', 'bd9929b775aa97792.jpg', 'bd9929b775aa97793.jpg', '189.00', '0.00', '18.10', 6, 1, 'Puma,Varones,Polo', 1, '2014-10-21 03:26:41', 3, '2014-10-21 03:26:41', 3),
(43, '819658 01 ', 3, 'Puma Layer Tee White', 'Material: Mezclas de algodón\r\nEstación del año Primavera, Verano\r\nCorte clásico. Ringspun de fibra larga de algodón orgánico para la suavidad y durabilidad. Costuras de los hombros termoselladas para mayor comodidad y ajuste la retención. Material: 100% algodón orgánico. Talla: S - M - L - XL', 'Material: Mezclas de algodón\r\nEstación del año Primavera, Verano\r\nCorte clásico \r\nRingspun de fibra larga de algodón orgánico para la suavidad y durabilidad \r\nCosturas de los hombros termoselladas para mayor comodidad y ajuste la retención \r\nMaterial: 100% algodón orgánico\r\nTalla: S - M - L - XL', '3e6aabcdaa1b2ae7.jpg', '9838d67c08520168.jpg', '3e6aabcdaa1b2ae72.jpg', '3e6aabcdaa1b2ae73.jpg', '89.00', '0.00', '9.90', 4, 1, 'Puma,Varones,Polo', 1, '2014-10-21 03:51:34', 3, '2014-10-21 03:51:34', 3),
(44, '819282 08', 3, 'LOGO HOODED SWEAT TERRY', 'La sudadera Puma Logo encapuchada de paño grueso y suave es ideal para disfrutar de una mirada simplificada y ligera, la pieza tiene un gran ajuste al cuerpo, un énfasis en lo visual y una gran sensación al entrar en contacto con la piel. Luz, está hecho con toda la calidad de Puma y toma el logotipo de la marca en la parte delantera, dejando el aspecto llamativo. Mantiene la temperatura controlada por absorber el exceso de humedad. Viste con actitud y comodidad. \r\nComposición: 100% algodón; \r\nModelado Regular; \r\nCuello redondo; \r\nMangas cortas; \r\nLogotipo de la marca aparece en la parte frontal; \r\nCosturas reforzadas; \r\nVersátil.', 'La sudadera Puma Logo encapuchada de paño grueso y suave es ideal para disfrutar de una mirada simplificada y ligera, la pieza tiene un gran ajuste al cuerpo, un énfasis en lo visual y una gran sensación al entrar en contacto con la piel. Luz, está hecho con toda la calidad de Puma y toma el logotipo de la marca en la parte delantera, dejando el aspecto llamativo. Mantiene la temperatura controlada por absorber el exceso de humedad. Viste con actitud y comodidad. \r\nComposición: 100% algodón; \r\nModelado Regular; \r\nCuello redondo; \r\nMangas cortas; \r\nLogotipo de la marca aparece en la parte frontal; \r\nCosturas reforzadas; \r\nVersátil.', 'e2ac2f301461b64b.jpg', 'e2ac2f301461b64b1.jpg', 'e2ac2f301461b64b2.jpg', 'e2ac2f301461b64b3.jpg', '149.00', '0.00', '15.20', 4, 1, 'Puma,Varones', 1, '2014-10-21 04:06:42', 3, '2014-10-21 04:06:42', 3),
(45, '38', 2, 'Adidas Falcon Elite 3', 'Capellada: Corte en mesh en nylon para ligereza transpirabilidad. Entresuela: Eva inyectado para una amortiguación más ligera y duradera. Suela: Larga duración en área de mayor desgaste. Talla: 40', 'Capellada: Corte en mesh en nylon para ligereza transpirabilidad.\r\nEntresuela: Eva inyectado para una amortiguación más ligera y duradera.\r\nSuela: Larga duración en área de mayor desgaste\r\nTalla: 40', 'd54d9914d19153b0.jpg', 'd54d9914d19153b01.jpg', 'd54d9914d19153b02.jpg', 'd54d9914d19153b03.jpg', '259.00', '0.00', '19.00', 0, 1, 'Zapatillas,Adidas,Mujeres,Deportivas', 0, '2014-10-21 04:55:41', 3, '2014-10-21 04:55:41', 3),
(46, '509844 01', 3, 'Fa Core Crew Neck LS', 'Descripción: Sweater, Puma. Color: negro, verde. Composición: 11% elastano, 89% poliéster. Maravilloso suéter FA. FUNDAMENTALES cuello redondo LS negro-jasmin. Suéter con mangas largas y cuello redondo. Producto de fondo y los puños de las mangas decoradas inserciones elásticas. Una gran opción para los deportes o el ocio. Tallas: S - M - L - XL', 'Descripción:\r\nSweater, Puma \r\nColor: negro, verde \r\nComposición: 11% elastano, 89% poliéster \r\nMaravilloso suéter FA FUNDAMENTALES cuello redondo LS negro-jasmin. Suéter con mangas largas y cuello redondo. Producto de fondo y los puños de las mangas decoradas inserciones elásticas. Una gran opción para los deportes o el ocio.\r\nTallas: S - M - L - XL', '3c3849b8dbcf58d6.JPG', '3c3849b8dbcf58d61.jpg', '3c3849b8dbcf58d62.jpg', '3c3849b8dbcf58d63.jpg', '179.00', '0.00', '15.80', 6, 1, 'Puma,Varones', 1, '2014-10-21 05:15:04', 3, '2014-10-21 05:15:04', 3),
(47, '304640 02', 2, 'Urban Mid BMW TN', 'Descripción: Material: Gamuza, Color: plomo\r\nGénero: Masculino, Estilo: Zapatillas urbana. Talla: 40 - 40.5 - 41 - 42 - 42.5 - 43 - 44 - 44.5', 'Descripción:\r\nMaterial: Gamuza\r\nColor: plomo\r\nGénero: Masculino\r\nEstilo: Zapatillas urbana\r\nTalla: 40 - 40.5 - 41 - 42 - 42.5 - 43 - 44 - 44.5', 'c019e4bc194fdd98.jpg', 'c019e4bc194fdd981.jpg', 'c019e4bc194fdd982.jpg', 'c019e4bc194fdd983.jpg', '234.00', '329.00', '10.00', 15, 1, 'Zapatillas,Puma,Varones,Urbanas', 1, '2014-10-21 05:24:18', 3, '2014-10-21 05:24:18', 3),
(48, '356484 06', 2, 'Zanthem S Lite', 'El Puma Zanthem S Lite está diseñado para hombres que disfrutan del estilo casual. Además de la comodidad y la calidad de la marca Puma, este calzado se puede llevar en cualquier ocasión.\r\nCaracterísticas principales \r\nEstilo: Casual \r\nTrajes de cuero (parte superior externa): Em 70% PU (poliuretano) y 30% de poliéster \r\nSuela intermedia: "cuadro" estilo de goma \r\nSuela: goma para mayor tracción y agarre \r\nSuave y acolchado \r\nPlantilla: EVA inyectada para la comodidad y el agarre del calzado \r\nForro de tela: acolchado interno a reforzar con el talón para mayor comodidad. \r\nAjuste: cordón simétrica \r\nPeso aproximado: 220 g\r\nTalla: 40 - 40.5 - 41 - 42 - 42.5 - 43 - 44 - 44.5', 'El Puma Zanthem S Lite está diseñado para hombres que disfrutan del estilo casual. Además de la comodidad y la calidad de la marca Puma, este calzado se puede llevar en cualquier ocasión.\r\nCaracterísticas principales \r\nEstilo: Casual \r\nTrajes de cuero (parte superior externa): Em 70% PU (poliuretano) y 30% de poliéster \r\nSuela intermedia: "cuadro" estilo de goma \r\nSuela: goma para mayor tracción y agarre \r\nSuave y acolchado \r\nPlantilla: EVA inyectada para la comodidad y el agarre del calzado \r\nForro de tela: acolchado interno a reforzar con el talón para mayor comodidad. \r\nAjuste: cordón simétrica \r\nPeso aproximado: 220 g\r\nTalla: 40 - 40.5 - 41 - 42 - 42.5 - 43 - 44 - 44.5', '800fa450ff77c13e.jpg', '799c4481cab726bd.jpg', '800fa450ff77c13e2.jpg', '800fa450ff77c13e3.jpg', '189.00', '249.00', '10.00', 14, 1, 'Zapatillas,Puma,Varones,Urbanas', 1, '2014-10-21 07:19:56', 3, '2014-10-21 07:19:56', 3),
(49, 'JEIFI01', 3, 'Jeans EI FI a la cadera', 'Descubre los nuevos modelos de EI-FI. Los jeans que se adaptan a tus curvas, haciéndote lucir más femenina y robando más de una mirada. Calidad 100% nacional. Material: \r\n80% Algodón, 15% Polyster, 5% Lycra, Color: Azul. Tallas: 26 - 28 - 30 - 32 - 34', 'Descubre los nuevos modelos de EI-FI. Los jeans que se adaptan a tus curvas, haciéndote lucir más femenina y robando más de una mirada.\r\nCalidad 100% nacional\r\nMaterial:\r\n80% Algodón\r\n15% Polyster\r\n5% Lycra\r\nColor: Azul\r\nTallas: 26 - 28 - 30 - 32 - 34', 'eeb36453357821f6.jpg', 'eeb36453357821f61.jpg', 'eeb36453357821f62.jpg', 'eeb36453357821f63.jpg', '70.00', '100.00', '4.59', 6, 1, 'Mujeres', 1, '2014-10-22 06:28:04', 3, '2014-10-22 06:28:04', 3),
(50, 'JEIFI02', 3, 'Jeans EI FI a la cadera Gr', 'Descubre los nuevos modelos de EI-FI. Los jeans que se adaptan a tus curvas, haciéndote lucir más femenina y robando más de una mirada. Calidad 100% nacional Material: 80% Algodón 15% Polyster 5% Lycra Color: Grafito Tallas: 26 - 28 - 30 - 32 - 34', 'Descubre los nuevos modelos de EI-FI. Los jeans que se adaptan a tus curvas, haciéndote lucir más femenina y robando más de una mirada. Calidad 100% nacional Material: 80% Algodón 15% Polyster 5% Lycra Color: Grafito Tallas: 26 - 28 - 30 - 32 - 34', '02a9728e83236d11.jpg', '02a9728e83236d111.jpg', '02a9728e83236d112.jpg', '02a9728e83236d113.jpg', '70.00', '100.00', '4.59', 5, 1, 'Mujeres,Jeans', 1, '2014-10-22 06:50:03', 3, '2014-10-22 06:50:03', 3),
(51, 'JEIFI03', 3, 'Jeans EI FI a la cadera Ng', 'Descubre los nuevos modelos de EI-FI. Los jeans que se adaptan a tus curvas, haciéndote lucir más femenina y robando más de una mirada. Calidad 100% nacional Material: 80% Algodón 15% Polyster 5% Lycra Color: Negro Tallas: 26 - 28 - 30 - 32 - 34', 'Descubre los nuevos modelos de EI-FI. Los jeans que se adaptan a tus curvas, haciéndote lucir más femenina y robando más de una mirada. Calidad 100% nacional Material: 80% Algodón 15% Polyster 5% Lycra Color: Negro Tallas: 26 - 28 - 30 - 32 - 34', '80aa9ba68a13f653.jpg', '80aa9ba68a13f6531.jpg', '80aa9ba68a13f6532.jpg', '80aa9ba68a13f6533.jpg', '70.00', '100.00', '4.59', 6, 1, 'Mujeres,Jeans', 1, '2014-10-22 06:55:40', 3, '2014-10-22 06:55:40', 3),
(52, 'JEIFI04', 3, 'Jeans EI FI a la cadera Am', 'Descubre los nuevos modelos de EI-FI. Los jeans que se adaptan a tus curvas, haciéndote lucir más femenina y robando más de una mirada. Calidad 100% nacional Material: 80% Algodón 15% Polyster 5% Lycra Color: Azul marino Tallas: 26 - 28 - 30 - 32 - 34', 'Descubre los nuevos modelos de EI-FI. Los jeans que se adaptan a tus curvas, haciéndote lucir más femenina y robando más de una mirada. Calidad 100% nacional Material: 80% Algodón 15% Polyster 5% Lycra Color: Azul marino Tallas: 26 - 28 - 30 - 32 - 34', 'd44160d38cd91464.jpg', 'd44160d38cd914641.JPG', 'd44160d38cd914642.jpg', 'd44160d38cd914643.JPG', '70.00', '100.00', '4.59', 6, 1, 'Mujeres,Jeans', 1, '2014-10-22 07:06:26', 3, '2014-10-22 07:06:26', 3),
(53, 'JEIFI05', 3, 'Jeans EI FI a la cadera Cl', 'Descubre los nuevos modelos de EI-FI. Los jeans que se adaptan a tus curvas, haciéndote lucir más femenina y robando más de una mirada. Calidad 100% nacional Material: 80% Algodón 15% Polyster 5% Lycra Color: Cielo Tallas: 26 - 28 - 30 - 32 - 34', 'Descubre los nuevos modelos de EI-FI. Los jeans que se adaptan a tus curvas, haciéndote lucir más femenina y robando más de una mirada. Calidad 100% nacional Material: 80% Algodón 15% Polyster 5% Lycra Color: Cielo Tallas: 26 - 28 - 30 - 32 - 34', 'da9aca2ef4366080.JPG', 'da9aca2ef43660801.JPG', 'da9aca2ef43660802.JPG', 'da9aca2ef43660803.JPG', '70.00', '100.00', '4.59', 4, 1, 'Mujeres,Jeans', 1, '2014-10-22 18:44:13', 3, '2014-10-22 18:44:13', 3),
(54, 'NATANIA01', 3, 'Jeans Natania a la cintura Az', 'Descubre los nuevos modelos de Natania. Los jeans que se adaptan a tus curvas, haciéndote lucir más femenina y robando más de una mirada. Calidad 100% nacional Material: 80% Algodón 15% Polyster 5% Lycra Color: Azul Tallas: 26 - 28 - 30 - 32 - 34', 'Descubre los nuevos modelos de Natania. Los jeans que se adaptan a tus curvas, haciéndote lucir más femenina y robando más de una mirada. Calidad 100% nacional Material: 80% Algodón 15% Polyster 5% Lycra Color: Azul Tallas: 26 - 28 - 30 - 32 - 34', '6630b8665a539ffd.JPG', 'b913882d4751f018.JPG', 'f7099cbf7b49a29f1.JPG', 'f7099cbf7b49a29f2.JPG', '70.00', '100.00', '4.59', 6, 1, 'Mujeres,Jeans', 1, '2014-10-23 22:53:04', 3, '2014-10-23 22:53:04', 3),
(55, 'NATANIA02', 3, 'Jeans Natania a la cintura Am', 'Descubre los nuevos modelos de Natania. Los jeans que se adaptan a tus curvas, haciéndote lucir más femenina y robando más de una mirada. Calidad 100% nacional Material: 80% Algodón 15% Polyster 5% Lycra Color: Azul Marino Tallas: 26 - 28 - 30 - 32 - 34', 'Descubre los nuevos modelos de Natania. Los jeans que se adaptan a tus curvas, haciéndote lucir más femenina y robando más de una mirada. Calidad 100% nacional Material: 80% Algodón 15% Polyster 5% Lycra Color: Azul Marino Tallas: 26 - 28 - 30 - 32 - 34', 'cf3ce5c7ff910e09.JPG', 'cf3ce5c7ff910e091.JPG', 'cf3ce5c7ff910e092.JPG', 'cf3ce5c7ff910e093.JPG', '70.00', '100.00', '4.59', 7, 1, 'Mujeres,Jeans', 1, '2014-10-23 22:41:08', 3, '2014-10-23 22:41:08', 3),
(56, 'NATANIA03', 3, 'Jeans Natania a la cintura Gr', 'Descubre los nuevos modelos de Natania. Los jeans que se adaptan a tus curvas, haciéndote lucir más femenina y robando más de una mirada. Calidad 100% nacional Material: 80% Algodón 15% Polyster 5% Lycra Color: GrafitoTallas: 26 - 28 - 30 - 32 - 34', 'Descubre los nuevos modelos de Natania. Los jeans que se adaptan a tus curvas, haciéndote lucir más femenina y robando más de una mirada. Calidad 100% nacional Material: 80% Algodón 15% Polyster 5% Lycra Color: GrafitoTallas: 26 - 28 - 30 - 32 - 34', 'cc9d9717b3488f23.JPG', 'cc9d9717b3488f231.JPG', 'cc9d9717b3488f232.JPG', 'cc9d9717b3488f233.JPG', '70.00', '100.00', '4.59', 5, 1, 'Mujeres,Jeans', 1, '2014-10-25 07:10:13', 3, '2014-10-25 07:10:14', 3),
(57, 'NATANIA04', 3, 'Jeans Natania a la cintura CL', 'Descubre los nuevos modelos de Natania. Los jeans que se adaptan a tus curvas, haciéndote lucir más femenina y robando más de una mirada. Calidad 100% nacional Material: 80% Algodón 15% Polyster 5% Lycra Color: Cielo Tallas: 26 - 28 - 30 - 32 - 34', 'Descubre los nuevos modelos de Natania. Los jeans que se adaptan a tus curvas, haciéndote lucir más femenina y robando más de una mirada. Calidad 100% nacional Material: 80% Algodón 15% Polyster 5% Lycra Color: Cielo Tallas: 26 - 28 - 30 - 32 - 34', '64350aea6874c276.JPG', '64350aea6874c2761.JPG', '64350aea6874c2762.JPG', '64350aea6874c2763.JPG', '70.00', '100.00', '4.59', 4, 1, 'Mujeres,Jeans', 1, '2014-10-25 07:13:16', 3, '2014-10-25 07:13:16', 3),
(58, '508936 01', 3, ' Move Allover Hooded Jacket ', '<p>Chaqueta de Mujer Puma con gran estilo, con capucha de cord&oacute;n para un buen ajuste, tela suave, muy elegante y c&oacute;modo. Material: 90% Nylon, 10% Spandex y 100% aut&eacute;ntico. Tallas S - M - L - XL</p>\r\n', '<p>Chaqueta de Mujer Puma con gran estilo, con capucha de cord&oacute;n para un buen ajuste, tela suave, muy elegante y c&oacute;modo. Material: 90% Nylon, 10% Spandex y 100% aut&eacute;ntico. Tallas S - M - L - XL</p>\r\n', '0c14b824e9854068.jpg', '0c14b824e98540681.jpg', '0c14b824e98540682.jpg', '0c14b824e98540683.jpg', '149.00', '0.00', '10.27', 6, 1, 'Puma,Mujeres', 1, '2015-01-06 13:37:14', 3, '2015-01-06 13:37:14', 3),
(59, '563034 03', 3, 'Fun Graphic Large Logo Tee', 'Puma Camiseta para mujer con mangas cortas para llevar con ropa casual. Es muy agradable al tacto de algodón para garantizar la comodidad. Corte recto clásico. Material de 100% algodón para su comodidad y conveniencia. \r\nDiseño azul oscuro añade color impreso Puma letras en el pecho. \r\nTallas: S - m - l - xl', 'Puma Camiseta para mujer con mangas cortas para llevar con ropa casual. Es muy agradable al tacto de algodón para garantizar la comodidad. Corte recto clásico. Material de 100% algodón para su comodidad y conveniencia. \r\nDiseño azul oscuro añade color impreso Puma letras en el pecho. \r\nTallas: S - m - l - xl', '0', 'c9a2d42882d5e99e.jpg', 'c9a2d42882d5e99e1.jpg', 'c9a2d42882d5e99e2.jpg', '69.00', '0.00', '6.90', 6, 1, '0', 0, '2014-10-28 22:24:29', 3, '2014-10-28 22:24:29', 3),
(60, '563034 03', 3, 'Fun Graphic Large Logo Tee', 'Puma Camiseta para mujer con mangas cortas para llevar con ropa casual. Es muy agradable al tacto de algodón para garantizar la comodidad. Corte recto clásico. Material de 100% algodón para su comodidad y conveniencia. \r\nDiseño azul oscuro añade color impreso Puma letras en el pecho. \r\nTallas: S - M - L - XL', 'Puma Camiseta para mujer con mangas cortas para llevar con ropa casual. Es muy agradable al tacto de algodón para garantizar la comodidad. Corte recto clásico. Material de 100% algodón para su comodidad y conveniencia. \r\nDiseño azul oscuro añade color impreso Puma letras en el pecho. \r\nTallas: S - M - L - XL', '0', '6375c5e890edcba0.jpg', '6375c5e890edcba01.jpg', '6375c5e890edcba02.jpg', '69.00', '0.00', '6.90', 6, 1, '0', 0, '2014-10-28 22:25:45', 3, '2014-10-28 22:25:45', 3),
(61, '563034 03', 3, 'Fun Graphic Large Logo Tee', 'Puma Camiseta para mujer con mangas cortas para llevar con ropa casual. Es muy agradable al tacto de algodón para garantizar la comodidad. Corte recto clásico. Material de 100% algodón para su comodidad y conveniencia. \r\nDiseño azul oscuro añade color impreso Puma letras en el pecho. \r\nTallas: S - m - l - xl', 'Puma Camiseta para mujer con mangas cortas para llevar con ropa casual. Es muy agradable al tacto de algodón para garantizar la comodidad. Corte recto clásico. Material de 100% algodón para su comodidad y conveniencia. \r\nDiseño azul oscuro añade color impreso Puma letras en el pecho. \r\nTallas: S - m - l - xl', '0', '179f96a711d07d23.jpg', '179f96a711d07d231.jpg', '0', '69.00', '0.00', '6.90', 6, 1, '0', 0, '2014-10-28 22:27:29', 3, '2014-10-28 22:27:29', 3),
(62, '829925 06', 3, 'Fun Graphic Large Logo Tee', 'Puma Camiseta para mujer con mangas cortas para llevar con ropa casual. Es muy agradable al tacto de algodón para garantizar la comodidad. Corte recto clásico. Material de 100% algodón para su comodidad y conveniencia. \r\nDiseño azul oscuro añade color impreso Puma letras en el pecho. \r\nTallas: S - M - L - XL', 'Puma Camiseta para mujer con mangas cortas para llevar con ropa casual. Es muy agradable al tacto de algodón para garantizar la comodidad. Corte recto clásico. Material de 100% algodón para su comodidad y conveniencia. \r\nDiseño azul oscuro añade color impreso Puma letras en el pecho. \r\nTallas: S - M - L - XL', '703cd5087dfd3501.jpg', 'e6f08ba3c212ea3c.jpg', '703cd5087dfd35012.jpg', '703cd5087dfd35013.jpg', '69.00', '0.00', '6.90', 6, 1, 'Puma,Mujeres,Polo', 1, '2014-10-29 04:33:05', 3, '2014-10-29 04:33:05', 3);
INSERT INTO `products` (`product_id`, `code`, `id_category`, `name`, `sumilla`, `description`, `custom_image`, `big_image`, `medium_image`, `small_image`, `price`, `price_del`, `pay_sale`, `stock`, `position`, `tags`, `status_value`, `created_at`, `created_by`, `updated_at`, `updated_by`) VALUES
(63, 'jb01', 3, 'JEANS BARUCK CLASICO', 'Este jean representa muchas cosas para muchas personas, pero es sobre todo un ícono americano. Disponible en tallas: 26 - 28 - 30 - 32 - 34.', 'Este jean representa muchas cosas para muchas personas, pero es sobre todo un ícono americano. Disponible en tallas: 26 - 28 - 30 - 32 - 34.', '2766f704a35451ad.jpg', '084a93a598e92e48.jpg', '2766f704a35451ad2.jpg', 'f82aa759bbcd487b.jpg', '100.00', '0.00', '8.00', 9, 1, 'Varones,Urbanas,Jeans', 1, '2014-10-29 02:02:01', 2, '2014-10-29 02:02:01', 2),
(64, 'BB01', 5, 'KIT LIMPIEZA BEBE', '<p>1 Desinfectante Martell aroma bebe 4 litros, 1 Ambientador Poett aroma bebe 1 litro,1 Sapolio cloro 4 litros, 1 Ambientador spray Sapolio aroma bebe 360 ml, 1 Saca grasa lim&oacute;n Sapolio 650 ml, 1 Sapolio limpia vidrios 650 ml, 1 Pato discos completo 42 gr, 1 Pa&ntilde;os absorvente Virutex x 3 unidades, 1 Lavavajilla Sapolio 500ml, 1 Esponja Scotch Brite<br />\r\n1 Plancha de 20 unidades de papel Suave Jumbo doble hoja, 1 jab&oacute;n liquido Aval rosas 400 ml, 1 Par de guantes Virutex, 1 Detergente Sapolio aroma bebe 2kg, 1 Detergente Sapolio aroma bebe 4kg, 2 jabones Neko 125 gr extra suave y extra protecci&oacute;n, 2 jabones Protex 130 gr avena y limpieza profunda, 1 Rollo de papel toalla Scott 110 hojas, 2&nbsp;Colgate 75 ml, 1 Cera Sapolio 300 ml, 1 Suavizante amor arrullos bebe 450 ml, 2 Jabones bolivar 240 gr perlas de blancura<br />\r\n30 bolsas basura de polietileno 20 x 30</p>\r\n', '<p>1 Desinfectante Martell aroma bebe 4 litros<br />\r\n1 Ambientador Poett aroma bebe 1 litro<br />\r\n1 Sapolio cloro 4 litros<br />\r\n1 Ambientador spray Sapolio aroma bebe 360 ml<br />\r\n1 Saca grasa lim&oacute;n Sapolio 650 ml<br />\r\n1 Sapolio limpia vidrios 650 ml<br />\r\n1 Pato discos completo 42 gr<br />\r\n1 Pa&ntilde;os absorvente Virutex x 3 unidades<br />\r\n1 Lavavajilla Sapolio 500ml<br />\r\n1 Esponja Scotch Brite<br />\r\n1 Plancha de 20 unidades de papel Suave Jumbo doble hoja<br />\r\n1 jab&oacute;n liquido Aval rosas 400 ml<br />\r\n1 Par de guantes Virutex<br />\r\n1 Detergente Sapolio aroma bebe 2kg<br />\r\n1 Detergente Sapolio aroma bebe 4kg<br />\r\n2 jabones Neko 125 gr extra suave y extra protecci&oacute;n<br />\r\n2 jabones Protex 130 gr avena y limpieza profunda<br />\r\n1 Rollo de papel toalla Scott 110 hojas<br />\r\n2 Colgate 75 ml<br />\r\n1 Cera Sapolio 300 ml<br />\r\n1 Suavizante amor arrullos bebe 450 ml<br />\r\n2 Jabones bolivar 240 gr perlas de blancura<br />\r\n30 bolsas basura de polietileno 20 x 30</p>\r\n', 'e72a75333902ca1f.jpg', '239beb2e21156818.jpg', 'e72a75333902ca1f2.jpg', 'e72a75333902ca1f3.jpg', '200.00', '0.00', '8.40', 4, 2, 'Limpieza,Mixto', 1, '2014-11-05 05:26:02', 3, '2014-11-05 05:26:02', 3),
(67, 'F47805', 3, 'PANTALON EUROPA TP', 'Pantalón para deportes, tiempo libre u ocio. Color: Negro. Marca: Adidas. Función: absorción, secado rápido, transpirable.Tallas: S - M', 'Pantalón para deportes, tiempo libre u ocio. <br>Color: Negro<br>Marca: Adidas<br>Función: absorción, secado rápido, transpirable<br>Tallas: S - M', '7bcc9130fb3f4706.jpg', '7bcc9130fb3f47061.jpg', '7bcc9130fb3f47062.jpg', '7bcc9130fb3f47063.jpg', '189.00', '0.00', '2.60', 1, 1, 'Adidas,Mujeres,Deportivas', 1, '2014-10-30 23:34:45', 3, '2014-10-30 23:34:45', 3),
(68, 'F82529', 3, 'CAMISETA CLIMACHILL TE ', 'Camiseta Climachill Te para mantener la superficie de la piel fresca. Material: 100% Poliéster. Color: Gris. Marca: Adidas. Tallas: S - M', 'Camiseta Climachill Te para mantener la superficie de la piel fresca<br>Material: 100% Poliéster<br>Color: Gris<br>Marca: Adidas<br>Tallas: S - M', '0412cdb96d1490c1.jpg', '0412cdb96d1490c11.jpg', '0412cdb96d1490c12.jpg', '0412cdb96d1490c13.jpg', '149.00', '0.00', '7.00', 1, 1, 'Adidas,Varones,Deportivas', 1, '2014-10-30 21:39:37', 3, '2014-10-30 21:39:37', 3),
(69, 'F48866', 3, 'SWEATSHIRTS BLACK', 'Sudadera conveniente para el uso casual y deportivo, cosido a partir de material ClimaLite, que absorbe la humedad. Bolsillos laterales con cremallera teísmo, por los efectos de color y la costura. \r\nClimaLite mechas elimina el sudor de la piel. Material: 100% poliéster. Color: Negro. Tallas: S - M', 'Sudadera conveniente para el uso casual y deportivo, cosido a partir de material ClimaLite, que absorbe la humedad. Bolsillos laterales con cremallera teísmo, por los efectos de color y la costura. \r\nClimaLite mechas elimina el sudor de la piel.<br>Material: 100% poliéster<br>Color: Negro <br>Tallas: S - M', 'bed01af1e273daae.jpg', 'bed01af1e273daae1.jpg', 'bed01af1e273daae2.jpg', 'bed01af1e273daae3.jpg', '229.00', '0.00', '6.00', 1, 1, 'Adidas,Varones,Deportivas', 1, '2014-10-30 21:57:30', 3, '2014-10-30 21:57:30', 3),
(70, 'D85697', 3, 'T SHIRTS TEE ', '<p>Camiseta sin mangas Adidas permanece seco, c&oacute;modo con la...</p>\r\n', '<p>Camiseta sin mangas Adidas. Permanece seco, c&oacute;modo con la camiseta Climalite, porque absorbe todo el sudor de tu piel. Material:100% Poli&eacute;ster Color: Negro Tallas: S - M</p>\r\n', 'dd47e5985c70a139.jpg', '0', 'dd47e5985c70a1392.jpg', 'dd47e5985c70a1393.jpg', '99.00', '0.00', '5.20', 0, 1, 'Adidas,Varones,Deportivas', 0, '2014-11-06 06:05:21', 3, '2014-11-06 06:05:21', 3),
(71, 'F48839', 3, 'PANTALON CL', 'Pantalón ClimaLite® tejido fino, suave y transpirable, seca el sudor lejos del cuerpo y proporciona un trabajo cómodo. Material: 100% Polyester. Color: Negro. Tallas: M - S', 'Pantalón ClimaLite® tejido fino, suave y transpirable, seca el sudor lejos del cuerpo y proporciona un trabajo cómodo.<br>Material: 100% Polyester.<br>Color: Negro<br>Tallas: M - S', 'c6b24b3d18d42349.jpg', 'c6b24b3d18d423491.jpg', 'c6b24b3d18d423492.jpg', 'c6b24b3d18d423493.jpg', '219.00', '0.00', '8.60', 1, 1, 'Adidas,Varones,Deportivas', 1, '2014-10-30 23:32:18', 3, '2014-10-30 23:32:18', 3),
(72, '575702-337', 3, 'CAMISETA NIKE BRASIL', 'Camiseta de entrenamiento Pre Partido. Manga: Corta. Paneles: Transpirables. Color: Verde oscuro. Bolsillos: Sin bolsillos. Equipo: Brasil. Material: Dri-Fit. Tallas: S - M - L', 'Camiseta de entrenamiento Pre Partido<br>Manga: Corta<br>Paneles: Transpirables<br>Color: Verde oscuro<br>Bolsillos: Sin bolsillos<br>Equipo: Brasil<br>Material: Dri-Fit<br>Tallas: S - M - L', 'c5813e6c7f150f1b.jpg', 'c5813e6c7f150f1b1.jpg', 'c5813e6c7f150f1b2.jpg', 'c5813e6c7f150f1b3.jpg', '189.00', '0.00', '15.50', 2, 1, 'Nike,Varones,Deportivas', 1, '2014-10-31 00:41:47', 3, '2014-10-31 00:41:47', 3),
(73, '544990-010', 3, 'CAMISETA NIKE BARCE', '<p>Nike Dri-FIT disipaci&oacute;n r&aacute;pida del sudor de su piel, as&iacute; como de su ropa. Te sentir&aacute;s mejor, no s&oacute;lo en su formaci&oacute;n, pero en el partido real. Logotipo de Nike y el escudo del FC Barcelona. Material: 100% poli&eacute;ster. Talla: M</p>\r\n', '<p>Nike Dri-FIT disipaci&oacute;n r&aacute;pida del sudor de su piel, as&iacute; como de su ropa. Te sentir&aacute;s mejor, no s&oacute;lo en su formaci&oacute;n, pero en el partido real. Logotipo de Nike y el escudo del FC Barcelona.<br />\r\nMaterial: 100% poli&eacute;ster.<br />\r\nTalla: M</p>\r\n', '2b925d4329c39f8b.jpg', '0', '2b925d4329c39f8b2.jpg', '2b925d4329c39f8b3.jpg', '189.00', '0.00', '15.50', 0, 1, 'Nike,Varones,Deportivas', 0, '2014-11-06 06:04:46', 3, '2014-11-06 06:04:46', 3),
(74, 'F48835', 3, 'SHORTS KN', '<p>Tejido fino, suave y transpirable, seca el sudor lejos del cuerpo y proporciona un trabajo c&oacute;modo.&nbsp;<br />\r\nMaterial: 100% Polyester.Color: Negro.Talla: M</p>\r\n', '<p>Short tejido fino, suave y transpirable, seca el sudor lejos del cuerpo y proporciona un trabajo c&oacute;modo.&nbsp;</p>\r\n\r\n<p>Material: 100% Polyester.</p>\r\n\r\n<p>Color: Negro</p>\r\n\r\n<p>Talla: M</p>\r\n\r\n<p><br />\r\n&nbsp;</p>\r\n', '30b8b08031cebaf9.jpg', '0', '30b8b08031cebaf92.jpg', '30b8b08031cebaf9.png', '129.00', '0.00', '2.40', 0, 1, 'Adidas,Varones,Deportivas', 0, '2014-11-06 05:59:21', 3, '2014-11-06 05:59:21', 3),
(75, 'Z31522 S', 3, 'CAMISETA SIN MANGAS', '<p>Camiseta con tecnolog&iacute;a - Adidas ClimaCool &reg;.&nbsp;Finalidad: Formaci&oacute;n / Fitness.&nbsp;Color: Negro. Talla: S</p>\r\n', '<p>Camiseta con tecnolog&iacute;a - Adidas ClimaCool &reg;.&nbsp;</p>\r\n\r\n<p>Finalidad: Formaci&oacute;n / Fitness.&nbsp;</p>\r\n\r\n<p>Color: Negro.</p>\r\n\r\n<p>Talla: S</p>\r\n', '60f3cb81f4b99404.jpg', '60f3cb81f4b994041.jpg', '60f3cb81f4b994042.jpg', '60f3cb81f4b994043.jpg', '69.00', '0.00', '4.60', 1, 1, 'Adidas,Mujeres,Deportivas', 1, '2014-10-31 01:45:58', 3, '2014-10-31 01:45:59', 3),
(76, 'D85498', 3, 'CAMISETA ADIDAS', '<p>Camiseta, que fue desarrollado especialmente para un ajuste c&oacute;modo y seco. Este modelo con cuello redondo absorbe el sudor de la piel y se presenta con detalles reflectantes.&nbsp;Caracter&iacute;sticas: cuello redondo, apliques reflexivo, corte est&aacute;ndar.&nbsp;Material: 100% Poli&eacute;ster. Tallas: S - M</p>\r\n', '<p>Camiseta, que fue desarrollado especialmente para un ajuste c&oacute;modo y seco. Este modelo con cuello redondo absorbe el sudor de la piel y se presenta con detalles reflectantes.&nbsp;</p>\r\n\r\n<p>Caracter&iacute;sticas: cuello redondo, apliques reflexivo, corte est&aacute;ndar.&nbsp;</p>\r\n\r\n<p>Material: 100% Poli&eacute;ster.</p>\r\n\r\n<p>Tallas: S - M</p>\r\n', 'a195511c1862ab54.jpg', 'a195511c1862ab541.jpg', 'a195511c1862ab542.jpg', 'a195511c1862ab543.jpg', '99.00', '0.00', '5.80', 1, 1, 'Adidas,Mujeres,Deportivas', 1, '2014-10-31 02:21:31', 3, '2014-10-31 02:21:31', 3),
(77, 'f82665', 3, 'TSH ADIDAS', '<p>Camiseta Adidas&nbsp;CLIMALITE&reg; tejido suave y ligero para controlar la expulsi&oacute;n del sudor,&nbsp;con ajuste regular. Dise&ntilde;o de prendas que se adaptan a tu movimiento al correr.&nbsp;Detalles reflectantes para mejor visibilidad en condiciones de poca luz. Talla: S</p>\r\n', '<p>Camiseta Adidas&nbsp;CLIMALITE&reg; tejido suave y ligero para controlar la expulsi&oacute;n del sudor,&nbsp;con ajuste regular. Dise&ntilde;o de prendas que se adaptan a tu movimiento al correr. Detalles reflectantes para mejor visibilidad en condiciones de poca luz.</p>\r\n\r\n<p>Talla: S</p>\r\n', 'f4e19fd0c4424a30.jpg', 'f4e19fd0c4424a301.jpg', 'f4e19fd0c4424a302.jpg', 'f4e19fd0c4424a303.jpg', '149.00', '0.00', '15.60', 1, 1, 'Adidas,Mujeres,Deportivas', 1, '2014-10-31 02:45:37', 3, '2014-10-31 02:45:37', 3),
(78, '509648 17 ', 3, 'BVD TKN PUMA', '<p>El comedor Gimnasio redondo Scoop Camiseta interior, con sus colores llamativos hacen absolutamente de moda. Por la funci&oacute;n dryCELL, la soldadura se lleva a cabo, donde puede evaporarse. Esto crea una sensaci&oacute;n agradable y la piel seca. El uso de Lycra Sport hace que la parte superior para un producto el&aacute;stico, con suficiente libertad de movimiento. Material: 84% poli&eacute;ster, 16% elastano. Talla M</p>\r\n', '<p>El comedor Gimnasio redondo Scoop Camiseta interior, con sus colores llamativos hacen absolutamente de moda. Por la funci&oacute;n dryCELL, la soldadura se lleva a cabo, donde puede evaporarse. Esto crea una sensaci&oacute;n agradable y la piel seca. El uso de Lycra Sport hace que la parte superior para un producto el&aacute;stico, con suficiente libertad de movimiento.</p>\r\n\r\n<p>Material: 84% poli&eacute;ster, 16% elastano.</p>\r\n\r\n<p>Colores: Azul, Coral</p>\r\n\r\n<p>Talla M</p>\r\n\r\n<p>&nbsp;</p>\r\n', 'da0839f0798c55d7.jpeg', 'da0839f0798c55d7.jpg', 'da0839f0798c55d71.jpg', 'da0839f0798c55d72.jpg', '99.00', '0.00', '2.90', 2, 1, 'Puma,Mujeres,Deportivas', 1, '2014-10-31 03:18:40', 3, '2014-10-31 03:18:40', 3),
(79, '563034 03', 3, 'MLS Fab Mix Fleece', '<p>Prenda&nbsp;de vestir con&nbsp;estilo de vida PUMA&reg; se casa con la esencia del rendimiento deportivo con los acabados refinados y detallando de la industria de la moda.&nbsp;Capucha con cord&oacute;n interior contraste y lazos.&nbsp;Longitud de tres cuartos Dolman mangas con pu&ntilde;os en bandas y detalles de crucer&iacute;a.&nbsp;Cierre de cremallera frontal completa.&nbsp;<br />\r\nSnap-bot&oacute;n de la mano bolsillos proporciona un almacenamiento seguro.&nbsp;Dobladillo congregado con el detalle de crucer&iacute;a.&nbsp;<br />\r\nLogotipo de marca de producto en la manga izquierda.&nbsp;<br />\r\n80% algod&oacute;n, 20% poli&eacute;ster.&nbsp;Costilla: 98% algod&oacute;n, 2% elastano.&nbsp;Capucha: 100% algod&oacute;n.&nbsp;Tallas: S - M - L - XL</p>\r\n', '<p>Prenda&nbsp;de vestir con&nbsp;estilo de vida PUMA&reg; se casa con la esencia del rendimiento deportivo con los acabados refinados y detallando de la industria de la moda.&nbsp;</p>\r\n\r\n<p>Capucha con cord&oacute;n interior contraste y lazos.&nbsp;</p>\r\n\r\n<p>Longitud de tres cuartos Dolman mangas con pu&ntilde;os en bandas y detalles de crucer&iacute;a.&nbsp;</p>\r\n\r\n<p>Cierre de cremallera frontal completa.&nbsp;</p>\r\n\r\n<p>Snap-bot&oacute;n de la mano bolsillos proporciona un almacenamiento seguro.&nbsp;</p>\r\n\r\n<p>Dobladillo congregado con el detalle de crucer&iacute;a.&nbsp;</p>\r\n\r\n<p>Logotipo de marca de producto en la manga izquierda.&nbsp;</p>\r\n\r\n<p>Material 80% algod&oacute;n, 20% poli&eacute;ster.&nbsp;Costilla: 98% algod&oacute;n, 2% elastano.&nbsp;</p>\r\n\r\n<p>Capucha: 100% algod&oacute;n.&nbsp;</p>\r\n\r\n<p>Tallas: S - M - L - XL</p>\r\n', '97d52e784b754ece.jpg', '97d52e784b754ece1.jpg', '97d52e784b754ece2.jpg', '97d52e784b754ece3.jpg', '189.00', '0.00', '9.97', 6, 1, 'Puma,Mujeres,Urbanas', 1, '2015-01-06 13:33:17', 3, '2015-01-06 13:33:17', 3),
(112, 'kelly', 7, 'canasta kelly', '<p>10.5 kilos de arroz coste&ntilde;o</p>\r\n\r\n<p>2 &nbsp;filete florida</p>\r\n\r\n<p>2 &nbsp;mantequilla danessa</p>\r\n\r\n<p>2 &nbsp;vinagres ventuno</p>\r\n\r\n<p>1 quaker 600gr.</p>\r\n\r\n<p>1 enjuage sapolio</p>\r\n', '<p>10.5 kilos de arroz coste&ntilde;o</p>\r\n\r\n<p>2 &nbsp;filete florida</p>\r\n\r\n<p>2 &nbsp;mantequilla danessa</p>\r\n\r\n<p>2 &nbsp;vinagres ventuno</p>\r\n\r\n<p>1 quaker 600gr.</p>\r\n\r\n<p>1 enjuage sapolio</p>\r\n', '', '0', '', '', '88.50', NULL, '3.27', 0, 1, 'Canasta', 1, '2015-01-23 16:04:40', 2, '2015-01-23 16:04:40', 2),
(80, 'V11328', 3, 'CAMISETA MANGAS LONGA', '<p>Ejecutar con el estilo y la libertad de Adidas Respuesta de manga larga camisa de las mujeres. Hecho de 95% poli&eacute;ster y 5% de malla de poli&eacute;ster reciclado, tambi&eacute;n cuenta con la tecnolog&iacute;a ForMotion que proporciona una feria modelar al cuerpo del corredor sin molestar a los movimientos de los brazos. Talla: S</p>\r\n\r\n<p>&nbsp;</p>\r\n', '<p>Ejecutar con el estilo y la libertad de Adidas Respuesta de manga larga camisa de las mujeres. Hecho de 95% poli&eacute;ster y 5% de malla de poli&eacute;ster reciclado, tambi&eacute;n cuenta con la tecnolog&iacute;a ForMotion que proporciona una feria modelar al cuerpo del corredor sin molestar a los movimientos de los brazos.</p>\r\n\r\n<p>Talla: S</p>\r\n', 'b2514fdd4e628170.jpg', 'b2514fdd4e6281701.jpg', 'b2514fdd4e6281702.jpg', 'b2514fdd4e6281703.jpg', '129.00', '0.00', '7.10', 1, 1, 'Adidas,Mujeres,Deportivas', 1, '2014-10-31 04:02:39', 3, '2014-10-31 04:02:39', 3),
(81, '829900 62', 3, 'ESS Large Logo Tee', '<p>La playera. Puma ESS Large Logo Tee est&aacute; hecha 100% de algod&oacute;n org&aacute;nico que ofrece una comodidad m&aacute;xima.&nbsp;Su dise&ntilde;o es cl&aacute;sico, lleva el emblem&aacute;tico logo&nbsp;<em>PUMA</em>&nbsp;al frente, con color contrastante. Ideal para un look casual del d&iacute;a a d&iacute;a. Tallas: S - M - L - XL</p>\r\n\r\n<p>&nbsp;</p>\r\n', '<p>La playera&nbsp;<strong>Puma ESS Large Logo Tee</strong>&nbsp;est&aacute; hecha 100% de algod&oacute;n org&aacute;nico que ofrece una comodidad m&aacute;xima.</p>\r\n\r\n<p>Su dise&ntilde;o es cl&aacute;sico, lleva el emblem&aacute;tico logo&nbsp;<em>PUMA</em>&nbsp;al frente, con color contrastante. Ideal para un look casual del d&iacute;a a d&iacute;a.</p>\r\n\r\n<p>Tallas: S - M - L - XL</p>\r\n', '353631e64d28d77c.jpg', '353631e64d28d77c1.jpg', '353631e64d28d77c2.jpg', '353631e64d28d77c3.jpg', '69.00', '0.00', '6.90', 4, 1, 'Puma,Mujeres,Urbanas', 1, '2014-10-31 04:53:13', 3, '2014-10-31 04:53:13', 3),
(82, 'PRIMA001', 5, 'KIT LIMPIEZA PRIVAMERA', '<p>1 Desinfectante Martell aroma primavera 4 litros, 1 Ambientador Poett aroma primavera&nbsp;1 litro, 1 Sapolio cloro 4 litros, 1 Ambientador spray Sapolio aroma popurri&nbsp;360 ml, 1 Saca grasa lim&oacute;n Sapolio 650 ml, 1 Sapolio limpia vidrios 650 ml, 1 Pato discos completo 42 gr, 1 Pa&ntilde;os absorvente Virutex x 3 unidades, 1 Lavavajilla Sapolio 500ml, 1 Esponja Scotch Brite, 1 Plancha de 20 unidades de papel Suave Jumbo doble hoja<br />\r\n1 jab&oacute;n liquido Aval lavanda&nbsp;400 ml<br />\r\n1 Par de guantes Virutex<br />\r\n1 Detergente Sapolio aroma flores&nbsp;2kg<br />\r\n1 Detergente Sapolio aroma flores&nbsp;4kg<br />\r\n2 jabones Neko 125 gr extra suave y extra protecci&oacute;n<br />\r\n2 jabones Protex 130 gr avena y limpieza profunda<br />\r\n1 Rollo de papel toalla Scott 110 hojas<br />\r\n2 Colgate 75 ml<br />\r\n1 Cera Sapolio 300 ml<br />\r\n1 Suavizante amor frescura profunda&nbsp;450 ml<br />\r\n2 Jabones bolivar 240 gr perlas de blancura<br />\r\n30 bolsas basura de polietileno 20 x 30</p>\r\n', '<p>1 Desinfectante Martell aroma primavera&nbsp;4 litros<br />\r\n1 Ambientador Poett aroma primavera&nbsp;1 litro<br />\r\n1 Sapolio cloro 4 litros<br />\r\n1 Ambientador spray Sapolio aroma popurri&nbsp;360 ml<br />\r\n1 Saca grasa lim&oacute;n Sapolio 650 ml<br />\r\n1 Sapolio limpia vidrios 650 ml<br />\r\n1 Pato discos completo 42 gr<br />\r\n1 Pa&ntilde;os absorvente Virutex x 3 unidades<br />\r\n1 Lavavajilla Sapolio 500ml<br />\r\n1 Esponja Scotch Brite<br />\r\n1 Plancha de 20 unidades de papel Suave Jumbo doble hoja<br />\r\n1 jab&oacute;n liquido Aval lavanda&nbsp;400 ml<br />\r\n1 Par de guantes Virutex<br />\r\n1 Detergente Sapolio aroma flores&nbsp;2kg<br />\r\n1 Detergente Sapolio aroma flores&nbsp;4kg<br />\r\n2 jabones Neko 125 gr extra suave y extra protecci&oacute;n<br />\r\n2 jabones Protex 130 gr avena y limpieza profunda<br />\r\n1 Rollo de papel toalla Scott 110 hojas<br />\r\n2 Colgate 75 ml<br />\r\n1 Cera Sapolio 300 ml<br />\r\n1 Suavizante amor frescura profunda&nbsp;450 ml<br />\r\n2 Jabones bolivar 240 gr perlas de blancura<br />\r\n30 bolsas basura de polietileno 20 x 30</p>\r\n', '89d892632024a0ad.jpg', '112cfe15bee6412e.jpg', '89d892632024a0ad2.jpg', '89d892632024a0ad3.jpg', '200.00', '0.00', '8.40', 2, 1, 'Limpieza', 1, '2014-11-05 05:28:45', 3, '2014-11-05 05:28:45', 3),
(83, 'BOUQUT001', 5, 'KIT LIMPIEZA BOUQUET', '<p>1 Desinfectante Martell aroma bouquet&nbsp;litros, 1 Ambientador Poett aroma lavanda&nbsp;1&nbsp;litro, 1 Sapolio cloro 4 litros, 1 Ambientador spray Sapolio aroma rosas&nbsp;360 ml, 1 Saca grasa lim&oacute;n Sapolio 650 ml, 1 Sapolio limpia vidrios 650 ml, 1 Pato discos completo 42 gr, 1 Pa&ntilde;os absorvente Virutex x 3 unidades, 1 Lavavajilla Sapolio 500ml, 1 Esponja Scotch Brite<br />\r\n1 Plancha de 20 unidades de papel Suave Jumbo doble hoja<br />\r\n1 jab&oacute;n liquido Aval miel&nbsp;400 ml<br />\r\n1 Par de guantes Virutex<br />\r\n1 Detergente Sapolio aroma lim&oacute;n&nbsp;2kg<br />\r\n1 Detergente Sapolio aroma lim&oacute;n&nbsp;4kg<br />\r\n2 jabones Neko 125 gr extra suave y extra protecci&oacute;n<br />\r\n2 jabones Protex 130 gr fresh y profolis<br />\r\n1 Rollo de papel toalla Scott 110 hojas<br />\r\n2 Colgate 75 ml<br />\r\n1 Cera Sapolio 300 ml<br />\r\n1 Suavizante amor brillo de sol&nbsp;450 ml<br />\r\n2 Jabones bolivar 240 gr perlas de blancura<br />\r\n30 bolsas basura de polietileno 20 x 30</p>\r\n', '<p>1 Desinfectante Martell aroma bouquet&nbsp;litros<br />\r\n1 Ambientador Poett aroma lavanda&nbsp;1&nbsp;litro<br />\r\n1 Sapolio cloro 4 litros<br />\r\n1 Ambientador spray Sapolio aroma rosas&nbsp;360 ml<br />\r\n1 Saca grasa lim&oacute;n Sapolio 650 ml<br />\r\n1 Sapolio limpia vidrios 650 ml<br />\r\n1 Pato discos completo 42 gr<br />\r\n1 Pa&ntilde;os absorvente Virutex x 3 unidades<br />\r\n1 Lavavajilla Sapolio 500ml<br />\r\n1 Esponja Scotch Brite<br />\r\n1 Plancha de 20 unidades de papel Suave Jumbo doble hoja<br />\r\n1 jab&oacute;n liquido Aval miel&nbsp;400 ml<br />\r\n1 Par de guantes Virutex<br />\r\n1 Detergente Sapolio aroma lim&oacute;n&nbsp;2kg<br />\r\n1 Detergente Sapolio aroma lim&oacute;n&nbsp;4kg<br />\r\n2 jabones Neko 125 gr extra suave y extra protecci&oacute;n<br />\r\n2 jabones Protex 130 gr fresh y profolis<br />\r\n1 Rollo de papel toalla Scott 110 hojas<br />\r\n2 Colgate 75 ml<br />\r\n1 Cera Sapolio 300 ml<br />\r\n1 Suavizante amor brillo de sol&nbsp;450 ml<br />\r\n2 Jabones bolivar 240 gr perlas de blancura<br />\r\n30 bolsas basura de polietileno 20 x 30</p>\r\n', '0a47fb3efa7ecb80.jpg', '752b3cd2077a43d0.jpg', '0a47fb3efa7ecb802.jpg', '0a47fb3efa7ecb803.jpg', '200.00', '0.00', '8.40', 4, 1, 'Limpieza', 1, '2014-11-05 05:27:42', 3, '2014-11-05 05:27:42', 3),
(85, '001PERFECT', 6, 'SNAIL PERFECT', '<p>PERFECCI&Oacute;N DEL CARACOL. Todas las propiedades regenerativas del caracol ahora al alcance de tu rostro, Rel&aacute;jate y disfruta.Para pieles sensibles(Telangiectasia, secuelas de Acn&eacute;).&nbsp;Despu&eacute;s de procedimientos qu&iacute;micos&nbsp;(Peeling) &oacute; tratamientos L&aacute;ser. Regenera, vitaliza, hidrata, aten&uacute;a cicatrices y Nutre. Cantidad: 5 sachets.</p>\r\n\r\n<p>&nbsp;</p>\r\n', '<p>PERFECCI&Oacute;N DEL CARACOL.</p>\r\n\r\n<p>Todas las propiedades regenerativas del caracol ahora al alcance de tu rostro, Rel&aacute;jate y disfruta.</p>\r\n\r\n<p>Para pieles sensibles(Telangiectasia, secuelas de Acn&eacute;).&nbsp;Despu&eacute;s de procedimientos qu&iacute;micos&nbsp;(Peeling) &oacute; tratamientos L&aacute;ser. Regenera, vitaliza, hidrata, aten&uacute;a cicatrices y Nutre.</p>\r\n\r\n<p>Cantidad: 5 sachets.</p>\r\n', 'ac413f405b71d4b3.jpg', 'ac413f405b71d4b31.jpg', 'ac413f405b71d4b32.jpg', 'ac413f405b71d4b33.jpg', '75.00', '0.00', '5.60', 3, 1, 'Mujeres', 1, '2014-11-18 22:44:11', 2, '2014-11-18 22:44:11', 2),
(84, '829900 01', 3, 'ESS Large Logo Tee Ng', '<p>La playera. Puma ESS Large Logo Tee, est&aacute; hecha 100% de algod&oacute;n org&aacute;nico que ofrece una comodidad m&aacute;xima.&nbsp;Su dise&ntilde;o es cl&aacute;sico, lleva el emblem&aacute;tico logo&nbsp;<em>PUMA</em>&nbsp;al frente, con color contrastante. Ideal para un look casual del d&iacute;a a d&iacute;a.&nbsp;Tallas: S - M - L - XL</p>\r\n', '<p>La playera&nbsp;<strong>Puma ESS Large Logo Tee</strong>&nbsp;est&aacute; hecha 100% de algod&oacute;n org&aacute;nico que ofrece una comodidad m&aacute;xima.</p>\r\n\r\n<p>Su dise&ntilde;o es cl&aacute;sico, lleva el emblem&aacute;tico logo&nbsp;<em>PUMA</em>&nbsp;al frente, con color contrastante. Ideal para un look casual del d&iacute;a a d&iacute;a.</p>\r\n\r\n<p>Tallas: S - M - L - XL</p>\r\n', '28a962330a3468e1.jpg', '28a962330a3468e11.jpg', '28a962330a3468e12.jpg', '28a962330a3468e13.jpg', '69.00', '0.00', '6.90', 4, 1, 'Puma,Mujeres,Urbanas', 1, '2014-10-31 05:34:32', 3, '2014-10-31 05:34:32', 3),
(86, '002WRIKLE', 6, 'ANTI WRINKLE ', '<p>ANTI ARRUGAS.&nbsp;El antiarrugas que estabas esperando, gane elasticidad, nutra y vitalice. Vive tu ahora.&nbsp;ANTI ARRUGAS.&nbsp;Para el tratamiento de l&iacute;neas de expresi&oacute;n &oacute; arrugas, pieles con falta de el&aacute;sticidad y nutrici&oacute;n. Regenera, vitaliza, Anti-Aging (Lifting). Hidrata, tonifica, elasticidad y firmeza. Cantidad 5 sachets</p>\r\n', '<p>ANTI ARRUGAS.&nbsp;</p>\r\n\r\n<p>El antiarrugas que estabas esperando, gane elasticidad, nutra y vitalice. Vive tu ahora.&nbsp;</p>\r\n\r\n<p>Para el tratamiento de l&iacute;neas de expresi&oacute;n &oacute; arrugas, pieles con falta de el&aacute;sticidad y nutrici&oacute;n. Regenera, vitaliza, Anti-Aging (Lifting). Hidrata, tonifica, elasticidad y firmeza.</p>\r\n\r\n<p>Cantidad 5 sachets</p>\r\n', '0ea86c13aa2fca74.jpg', '0ea86c13aa2fca741.jpg', '0ea86c13aa2fca742.jpg', '0ea86c13aa2fca743.jpg', '75.00', '0.00', '5.60', 3, 1, 'Mujeres,Belleza', 1, '2014-11-18 21:40:42', 2, '2014-11-18 21:40:42', 2),
(87, '003CLEAR', 6, 'CLEAR BRIGHTENING ', '<p>BLANQUEADORA&nbsp;&iquest;Manchas de embarazo o de sol?, aqu&iacute; ya encontraste el mejor blanqueador para un rostro m&aacute;s radiante.&nbsp;BLANQUEADORA,&nbsp;Para pieles con manchas solares &oacute; del embarazo. Aclara el rostro, hidrata, tonifica, regenera y vitaliza. La piel luce un tono uniforme y claro. Cantidad 5 sachets</p>\r\n', '<p>BLANQUEADORA</p>\r\n\r\n<p>&iquest;Manchas de embarazo o de sol?, aqu&iacute; ya encontraste el mejor blanqueador para un rostro m&aacute;s radiante.&nbsp;</p>\r\n\r\n<p>Para pieles con manchas solares &oacute; del embarazo. Aclara el rostro, hidrata, tonifica, regenera y vitaliza. La piel luce un tono uniforme y claro.</p>\r\n\r\n<p>Cantidad 5 sachets</p>\r\n', '0befc624f44fefe4.jpg', '0befc624f44fefe41.jpg', '0befc624f44fefe42.jpg', '0befc624f44fefe43.jpg', '75.00', '0.00', '5.60', 2, 1, 'Mujeres,Belleza', 1, '2014-11-18 21:44:47', 2, '2014-11-18 21:44:47', 2),
(88, '004ENERGY', 6, 'GOLD ENERGY', '<p>ORO ENERGIZANTE&nbsp;El oro hecho tecnolog&iacute;a, tu piel rica, vitalizada, luminosa y tonificada.&nbsp;Para pieles secas y agrietadas, pieles con falta de nutrici&oacute;n. Brinda nutrici&oacute;n, luminosidad, elasticidad, vitaliza y tonifica. Cantidad 5 sachets.</p>\r\n\r\n<p>&nbsp;</p>\r\n', '<p>ORO ENERGIZANTE</p>\r\n\r\n<p>El oro hecho tecnolog&iacute;a, tu piel rica, vitalizada, luminosa y tonificada.&nbsp;</p>\r\n\r\n<p>Para pieles secas y agrietadas, pieles con falta de nutrici&oacute;n. Brinda nutrici&oacute;n, luminosidad, elasticidad, vitaliza y tonifica.</p>\r\n\r\n<p>Cantidad 5 sachets.</p>\r\n', '46ab9d659767094c.jpg', '46ab9d659767094c1.jpg', '3a144502ffe824b22.jpg', '3a144502ffe824b23.jpg', '75.00', '0.00', '5.60', 2, 1, 'Mujeres,Belleza', 1, '2014-10-31 22:50:44', 3, '2014-10-31 22:50:44', 3),
(89, 'ECONOKIT', 5, 'KIT ECONÓMICO', '<p>1 ambientador poett 1 litro,1 sapolio cloro&nbsp;4 litros,1 ambientador spray sapolio 360ml,1 sacagrasa sapolio 650ml,1 limpiavidrio sapolio 650ml,1 pato discos completos 42gr,1 lavavajilla sapolio 500ml,1 esponja scotch brite,1 plancha de 20 unidades de papel jumbo suave doble hoja,1 jab&oacute;n l&iacute;quido aval 400ml,1 detergente sapolio 2kg,1 jab&oacute;n neko 125gr, 1 rollo papel toalla scott 110 hojas,1 pasta dental colgate 75ml,30 bolsas de basura de polietileno 20 x 30</p>\r\n', '<p>1 Ambientador Poett&nbsp;1 litro</p>\r\n\r\n<p>1 Sapolio cloro&nbsp;4 litros</p>\r\n\r\n<p>1 Ambientador spray Sapolio 360ml</p>\r\n\r\n<p>1 Sacagrasa Sapolio 650ml</p>\r\n\r\n<p>1 Limpiavidrio Sapolio 650ml</p>\r\n\r\n<p>1 Pato discos completos 42gr</p>\r\n\r\n<p>1 Lavavajilla Sapolio 500ml</p>\r\n\r\n<p>1 Esponja scotch brite</p>\r\n\r\n<p>1 Plancha de 20 unidades de papel Jumbo Suave doble hoja</p>\r\n\r\n<p>1 Jab&oacute;n l&iacute;quido Aval 400ml</p>\r\n\r\n<p>1 detergente sapolio 2kg</p>\r\n\r\n<p>1 jab&oacute;n neko 125gr</p>\r\n\r\n<p>1 Rollo papel toalla Scott 110 hojas</p>\r\n\r\n<p>1 Pasta dental Colgate 75ml</p>\r\n\r\n<p>30 bolsas de basura de polietileno 20 x 30</p>\r\n', '594520a1e8c29659.jpg', '594520a1e8c296591.jpg', '594520a1e8c296592.jpg', '594520a1e8c296593.jpg', '120.00', '0.00', '5.40', 0, 1, 'Limpieza,Mixto', 1, '2014-11-11 23:06:03', 3, '2014-11-11 23:06:03', 3),
(90, '509804', 3, 'RUNNING LYCRA', '<p>Perfecto para hacer deporte y disfrutar del aire libre.Color: negro&nbsp;Tejido: cool cell Talla: M</p>\r\n', '<p>Perfecto para hacer deporte y disfrutar del aire libre.</p>\r\n\r\n<p>Color: negro&nbsp;</p>\r\n\r\n<p>Tejido: cool cell</p>\r\n\r\n<p>Talla: M</p>\r\n', '73b68af10c8da63b.jpg', '73b68af10c8da63b1.jpg', '73b68af10c8da63b2.jpg', '73b68af10c8da63b3.jpg', '179.00', '0.00', '10.50', 0, 1, 'Puma,Mujeres,Deportivas', 1, '2014-11-12 16:16:49', 3, '2014-11-12 16:16:49', 3),
(91, 'FASHIONLINE', 3, 'BLUSA GASA CENEFA ', '<p>Blusa ideal para el verano, gracias a su material de gasa te mantiene&nbsp;m&aacute;s fresca durante todo el d&iacute;a.Tallas: S - M - L -XL</p>\r\n', '<p>Blusa ideal para el verano, gracias a su material de gasa te mantiene&nbsp;m&aacute;s fresca durante todo el d&iacute;a.</p>\r\n\r\n<p>Tallas: S - M - L -XL</p>\r\n', '855e9aaf9da559a2.jpg', '5aadf6adaa604156.jpg', '5aadf6adaa6041561.jpg', '855e9aaf9da559a23.jpg', '39.00', '0.00', '3.40', 13, 1, 'Mujeres', 1, '2014-11-13 22:44:20', 3, '2014-11-13 22:44:20', 3),
(92, '001', 3, 'BIVIRI ESCOCÉS', '<p>Ideal para los d&iacute;as soleados, luce siempre linda y fresca.&nbsp;Talla: Est&aacute;ndar&nbsp;</p>\r\n', '<p>Ideal para los d&iacute;as soleados, luce siempre linda y fresca.&nbsp;</p>\r\n\r\n<p>Talla: Est&aacute;ndar&nbsp;</p>\r\n', '2baacce462e792a5.jpg', '2baacce462e792a51.jpg', '2baacce462e792a52.jpg', '2baacce462e792a53.jpg', '49.00', '0.00', '5.40', 3, 1, 'Mujeres', 1, '2014-11-13 23:04:13', 3, '2014-11-13 23:04:13', 3),
(94, '002', 3, 'BLUSA PIEL DE DURAZNO', '<p>Luce siempre linda con la blusa de piel de durazno dise&ntilde;ada especialmente para ti. Talla: Est&aacute;ndar</p>\r\n', '<p>Luce siempre linda con la blusa de piel de durazno dise&ntilde;ada especialmente para ti.</p>\r\n\r\n<p>Talla: Est&aacute;ndar</p>\r\n', '049e725099d6ef81.jpg', '049e725099d6ef811.jpg', '049e725099d6ef812.jpg', '049e725099d6ef813.jpg', '59.00', '0.00', '4.20', 3, 1, 'Mujeres', 1, '2014-11-14 04:46:57', 3, '2014-11-14 04:46:57', 3),
(95, '003', 3, 'HILO RAYADO MURCIELAGO', '<p>HIlo rayado modelo murci&eacute;lago ideal para cualquier ocasi&oacute;n. Talla: Est&aacute;ndar</p>\r\n', '<p>HIlo rayado modelo murci&eacute;lago ideal para cualquier ocasi&oacute;n.</p>\r\n\r\n<p>Talla: Est&aacute;ndar</p>\r\n', '1b63e794b3093726.jpg', '1b63e794b30937261.jpg', '1b63e794b30937262.jpg', '1b63e794b30937263.jpg', '59.00', '0.00', '3.60', 1, 1, 'Mujeres', 1, '2014-11-14 04:56:22', 3, '2014-11-14 04:56:22', 3),
(96, '475870', 3, 'CASACA NIKE', '<p>Nunca fue tan c&oacute;modo hacer deporte, gracias a la casaca nike el running ser&aacute; m&aacute;s especial.Talla S-M-L-XL. Material 60% algod&oacute;n 40% polyester.</p>\r\n', '<p>Nunca fue tan c&oacute;modo hacer deporte, gracias a la casaca nike el running ser&aacute; m&aacute;s especial.</p>\r\n\r\n<p>Talla S-M-L-XL.</p>\r\n\r\n<p>Material 60% algod&oacute;n 40% polyester.</p>\r\n', 'c09f915c45892de3.jpg', 'c09f915c45892de31.jpg', 'c09f915c45892de32.jpg', 'c09f915c45892de33.jpg', '129.00', '0.00', '7.50', 2, 1, 'Nike,Mujeres,Deportivas', 1, '2014-11-18 04:37:07', 3, '2014-11-18 04:37:07', 3),
(97, '004', 3, 'ANGORA ', '<p>Angora modelo murcielago manga tres cuartos, ideal para cualquier ocasi&oacute;n. Talla: Est&aacute;ndar</p>\r\n', '<p>Angora modelo murcielago manga tres cuartos, ideal para cualquier ocasi&oacute;n.</p>\r\n\r\n<p>Talla: Est&aacute;ndar</p>\r\n', '9c0246acc7ea322c.jpg', '9c0246acc7ea322c1.jpg', '9c0246acc7ea322c2.jpg', '9c0246acc7ea322c3.jpg', '69.00', '0.00', '4.80', 1, 1, 'Mujeres', 1, '2014-11-18 05:01:44', 3, '2014-11-18 05:01:44', 3),
(98, '005', 3, 'CAPA ANGORA', '<p>Capa angora para el&nbsp;uso casual que te har&aacute; lucir m&aacute;s linda y c&oacute;moda en cualquier lugar. Talla: Est&aacute;ndar</p>\r\n', '<p>Capa angora para el&nbsp;uso casual que te har&aacute; lucir m&aacute;s linda y c&oacute;moda en cualquier lugar.</p>\r\n\r\n<p>Talla: Est&aacute;ndar</p>\r\n', '97ae66dc44d1db27.jpg', '97ae66dc44d1db271.jpg', '97ae66dc44d1db272.jpg', '97ae66dc44d1db273.jpg', '39.00', '0.00', '3.00', 4, 1, 'Mujeres', 1, '2014-11-18 06:13:30', 3, '2014-11-18 06:13:30', 3),
(99, '006', 3, 'HILO JASPEADO ', '<p>Hilo jaspeado modelo murcielago con un estilo fresco y elegante para los d&iacute;as casuales. Talla: Est&aacute;ndar</p>\r\n', '<p>Hilo jaspeado modelo murcielago con un estilo fresco y elegante para los d&iacute;as casuales.</p>\r\n\r\n<p>Talla: Est&aacute;ndar</p>\r\n', '02f9cb7be01961f8.jpg', '02f9cb7be01961f81.jpg', '02f9cb7be01961f82.jpg', '02f9cb7be01961f83.jpg', '49.00', '0.00', '3.20', 0, 1, 'Mujeres', 1, '2014-11-18 06:33:15', 3, '2014-11-18 06:33:15', 3),
(102, 'ABA01', 7, 'CANASTA ECONOMICA', '<p>1 Aceite vegetal Sao x 1 litro,&nbsp;1 Conserva de durazno Aconcagua x 822gr,&nbsp;1 Arroz Coste&ntilde;o &nbsp;x 750gr,&nbsp;1 Filete de at&uacute;n Florida 170gr,&nbsp;</p>\r\n\r\n<p>1 Az&uacute;car Paramonga x 1 kil,&nbsp;1 Ecco x195 gr,&nbsp;2 Barras de chocolate Herbi,&nbsp;1 Fideo Molitalia x 500gr,&nbsp;1 Gaseosa Coca Cola x 2.5 Litros,&nbsp;1 Gelatina Negrita x 180gr,&nbsp;1 Leche en tarro Ideal Cremosita,&nbsp;1 Mantequilla Sello de Oro &nbsp;x 225gr,&nbsp;1 Mermelada en envase Fanny x 310gr,&nbsp;1 Panet&oacute;n Costa &nbsp;x 900gr,&nbsp;1 Avena Quaker x 160gr,&nbsp;2 rollos papel higi&eacute;nico Suave Jumbo,&nbsp;1 Caja de infusiones Herbi x 25&nbsp;unidades.</p>\r\n', '<p>Incluye:</p>\r\n\r\n<p>1 Aceite vegetal Sao x 1 litro</p>\r\n\r\n<p>1 Conserva de durazno Aconcagua x 822gr</p>\r\n\r\n<p>1 Arroz Coste&ntilde;o &nbsp;x 750gr&nbsp;</p>\r\n\r\n<p>1 Filete de at&uacute;n Florida 170gr</p>\r\n\r\n<p>1 Az&uacute;car Paramonga x 1 kilo&nbsp;</p>\r\n\r\n<p>1 Ecco x195 gr</p>\r\n\r\n<p>2 Barras de chocolate Herbi</p>\r\n\r\n<p>1 Fideo Molitalia x 500gr</p>\r\n\r\n<p>1 Gaseosa Coca Cola x 2.5 Litros&nbsp;</p>\r\n\r\n<p>1 Gelatina Negrita x 180gr</p>\r\n\r\n<p>1 Leche en tarro Ideal Cremosita</p>\r\n\r\n<p>1 Mantequilla Sello de Oro &nbsp;x 225gr</p>\r\n\r\n<p>1 Mermelada en envase Fanny x 310gr</p>\r\n\r\n<p>1 Panet&oacute;n Costa &nbsp;x 900gr</p>\r\n\r\n<p>1 Avena Quaker x 160gr</p>\r\n\r\n<p>2 rollos papel higi&eacute;nico Suave Jumbo</p>\r\n\r\n<p>1 Caja de infusiones Herbi x 25 unidades</p>\r\n', '0f1b7d7636db5556.jpg', '0', '0f1b7d7636db55562.jpg', '0f1b7d7636db55563.jpg', '100.00', '0.00', '3.60', 7, 1, 'Mixto,Canasta,Navidad', 0, '2015-01-16 15:25:29', 3, '2015-01-16 15:25:29', 3),
(103, 'ABA02', 7, 'CANASTA ESTANDAR', '<p>1 Aceite vegetal Sao x 1 litro,&nbsp;1 Conserva de durazno Aconcagua x 822gr,&nbsp;1 Arroz Coste&ntilde;o &nbsp;x 750gr,&nbsp;1 Filete de at&uacute;n Florida 170gr,&nbsp;1 Az&uacute;car Paramonga x 1 kilo,&nbsp;1 Ecco x195 gr,&nbsp;2 Barras de chocolate Herbi,&nbsp;2 Fideos Molitalia x 500gr,&nbsp;1 Gaseosa Coca Cola x 2.5 Litros,&nbsp;1 Champagne Noche Buena x 750ml,&nbsp;1 Gelatina Negrita x 180gr,&nbsp;2 Leches en tarro Ideal Cremosita,&nbsp;1 Mantequilla Sello de Oro &nbsp;x 225gr,&nbsp;1 Mermelada en envase Fanny x 310gr,&nbsp;1 Panet&oacute;n Costa &nbsp;x 900gr,&nbsp;1 Avena Quaker x 160gr,&nbsp;2 rollos papel higi&eacute;nico Suave Jumbo,&nbsp;1 Caja de infusiones Herbi x 25 unidades.</p>\r\n', '<p>1 Aceite vegetal Sao x 1 litro</p>\r\n\r\n<p>1 Conserva de durazno Aconcagua x 822gr</p>\r\n\r\n<p>1 Arroz Coste&ntilde;o &nbsp;x 750gr&nbsp;</p>\r\n\r\n<p>1 Filete de at&uacute;n Florida 170gr</p>\r\n\r\n<p>1 Az&uacute;car Paramonga x 1 kilo&nbsp;</p>\r\n\r\n<p>1 Ecco x195 gr</p>\r\n\r\n<p>2 Barras de chocolate Herbi</p>\r\n\r\n<p>2 Fideos Molitalia x 500gr</p>\r\n\r\n<p>1 Gaseosa Coca Cola x 2.5 Litros&nbsp;</p>\r\n\r\n<p>1 Champagne Noche Buena x 750ml</p>\r\n\r\n<p>1 Gelatina Negrita x 180gr</p>\r\n\r\n<p>2 Leches en tarro Ideal Cremosita</p>\r\n\r\n<p>1 Mantequilla Sello de Oro &nbsp;x 225gr</p>\r\n\r\n<p>1 Mermelada en envase Fanny x 310gr</p>\r\n\r\n<p>1 Panet&oacute;n Costa &nbsp;x 900gr</p>\r\n\r\n<p>1 Avena Quaker x 160gr</p>\r\n\r\n<p>2 rollos papel higi&eacute;nico Suave Jumbo</p>\r\n\r\n<p>1 Caja de infusiones Herbi x 25 unidades</p>\r\n', 'c732854b1eca12c7.jpg', '0', 'c732854b1eca12c72.jpg', 'c732854b1eca12c73.jpg', '120.00', '0.00', '4.47', 2, 2, 'Mixto,Canasta,Navidad', 0, '2015-01-16 15:24:54', 3, '2015-01-16 15:24:54', 3),
(101, '003KIT', 5, 'KIT REGULAR', '<p>1 Desinfectante Martell aroma primavera&nbsp;4 litros,&nbsp;1 Sapolio cloro 4 litros,&nbsp;1 Ambientador spray Sapolio aroma popurri&nbsp;360 ml,&nbsp;1 Saca grasa lim&oacute;n Sapolio 650 ml,&nbsp;1 Sapolio limpia vidrios 650 ml,&nbsp;1 Pato discos completo 42 gr,&nbsp;1 Pa&ntilde;os absorvente Virutex x 3 unidades,&nbsp;1 Lavavajilla Sapolio 500ml,&nbsp;1 Esponja Scotch Brite,&nbsp;1 Plancha de 20 unidades de papel Suave Jumbo doble hoja,&nbsp;1 jab&oacute;n liquido Aval lavanda&nbsp;400 ml,&nbsp;1 Par de guantes Virutex,&nbsp;1 Detergente Sapolio aroma flores&nbsp;4kg, 1&nbsp;jab&oacute;n&nbsp;Neko 125 gr , 1&nbsp;jab&oacute;n&nbsp;Protex 130 gr,&nbsp;1 Rollo de papel toalla Scott 110 hojas,&nbsp;2 Colgate 75 ml,&nbsp;1 Suavizante amor frescura profunda&nbsp;450 ml, 1&nbsp;jab&oacute;n&nbsp;bolivar 240 gr perlas de blancura,&nbsp;30 bolsas basura de polietileno 20 x 30</p>\r\n', '<p>1 Desinfectante Martell aroma primavera&nbsp;4 litros</p>\r\n\r\n<p>1 Sapolio cloro 4 litros</p>\r\n\r\n<p>1 Ambientador spray Sapolio aroma popurri&nbsp;360 ml</p>\r\n\r\n<p>1 Saca grasa lim&oacute;n Sapolio 650 ml</p>\r\n\r\n<p>1 Sapolio limpia vidrios 650 ml</p>\r\n\r\n<p>1 Pato discos completo 42 gr</p>\r\n\r\n<p>1 Pa&ntilde;os absorvente Virutex x 3 unidades</p>\r\n\r\n<p>1 Lavavajilla Sapolio 500ml</p>\r\n\r\n<p>1 Esponja Scotch Brite</p>\r\n\r\n<p>1 Plancha de 20 unidades de papel Suave Jumbo doble hoja</p>\r\n\r\n<p>1 jab&oacute;n liquido Aval lavanda&nbsp;400 ml</p>\r\n\r\n<p>1 Par de guantes Virutex</p>\r\n\r\n<p>1 Detergente Sapolio aroma flores&nbsp;4kg</p>\r\n\r\n<p>1&nbsp;jab&oacute;n&nbsp;Neko 125 gr</p>\r\n\r\n<p>1&nbsp;jab&oacute;n&nbsp;Protex 130 gr</p>\r\n\r\n<p>1 Rollo de papel toalla Scott 110 hojas</p>\r\n\r\n<p>2 Colgate 75 ml</p>\r\n\r\n<p>1 Suavizante amor frescura profunda&nbsp;450 ml</p>\r\n\r\n<p>1&nbsp;Jab&oacute;n&nbsp;bolivar 240 gr perlas de blancura</p>\r\n\r\n<p>30 bolsas basura de polietileno 20 x 30</p>\r\n', '04a9eb5a197e7ad3.jpg', '04a9eb5a197e7ad31.jpg', '04a9eb5a197e7ad32.jpg', '04a9eb5a197e7ad33.jpg', '162.00', '0.00', '6.30', 6, 1, 'Limpieza,Mixto', 1, '2014-11-19 04:44:16', 3, '2014-11-19 04:44:16', 3),
(104, 'ABA03', 7, 'CANASTA EJECUTIVA', '<p>1 Aceite vegetal Sao x 1 litro,&nbsp;1 Conserva de durazno Aconcagua x 822gr,&nbsp;2 Arroz Coste&ntilde;o &nbsp;x 750gr ,&nbsp;2 Filete de at&uacute;n Florida 170gr,2 Az&uacute;car Paramonga x 1 kilo,&nbsp;1 Ecco x195 gr,&nbsp;1 Nesquik x 200gr,&nbsp;2 Barras de chocolate Herbi,&nbsp;2 Fideos Molitalia x 500gr,&nbsp;1 Gaseosa Coca Cola x 2.5 Litros,&nbsp;1 Champagne Noche Buena x 750ml,&nbsp;1 Gelatina Negrita x 180gr,&nbsp;2 Leches en tarro Ideal Cremosita,&nbsp;1 Mantequilla Sello de Oro &nbsp;x 225gr,&nbsp;1 Mermelada en envase Fanny x 310gr,&nbsp;1 Panet&oacute;n Costa &nbsp;x 900gr,&nbsp;1 Avena Quaker x 160gr,&nbsp;2 rollos papel higi&eacute;nico Suave Jumbo,&nbsp;1 Caja de infusiones Herbi x 25 unidades.</p>\r\n', '<p>1 Aceite vegetal Sao x 1 litro</p>\r\n\r\n<p>1 Conserva de durazno Aconcagua x 822gr</p>\r\n\r\n<p>2 Arroz Coste&ntilde;o &nbsp;x 750gr&nbsp;</p>\r\n\r\n<p>2 Filete de at&uacute;n Florida 170gr</p>\r\n\r\n<p>2 Az&uacute;car Paramonga x 1 kilo&nbsp;</p>\r\n\r\n<p>1 Ecco x195 gr</p>\r\n\r\n<p>1 Nesquik x 200gr</p>\r\n\r\n<p>2 Barras de chocolate Herbi</p>\r\n\r\n<p>2 Fideos Molitalia x 500gr</p>\r\n\r\n<p>1 Gaseosa Coca Cola x 2.5 Litros&nbsp;</p>\r\n\r\n<p>1 Champagne Noche Buena x 750ml</p>\r\n\r\n<p>1 Gelatina Negrita x 180gr</p>\r\n\r\n<p>2 Leches en tarro Ideal Cremosita</p>\r\n\r\n<p>1 Mantequilla Sello de Oro &nbsp;x 225gr</p>\r\n\r\n<p>1 Mermelada en envase Fanny x 310gr</p>\r\n\r\n<p>1 Panet&oacute;n Costa &nbsp;x 900gr</p>\r\n\r\n<p>1 Avena Quaker x 160gr</p>\r\n\r\n<p>2 rollos papel higi&eacute;nico Suave Jumbo</p>\r\n\r\n<p>1 Caja de infusiones Herbi x 25 unidades</p>\r\n', '1fc1577b3e6acfad.jpg', '0', '1fc1577b3e6acfad2.jpg', '1fc1577b3e6acfad3.jpg', '140.00', '0.00', '5.29', 17, 1, 'Mixto,Canasta,Navidad', 0, '2015-01-16 15:26:00', 3, '2015-01-16 15:26:00', 3),
(105, 'F33009 11', 2, 'PORSCHE TYP 64', '<p>Adidas Porsche Typ 64 para hombre zapatos de cuero genuinos,&nbsp;aut&eacute;nticos y originales. Con la m&aacute;s alta calidad y una buena transpirabilidad. Talla 46</p>\r\n', '<p>Adidas Porsche Typ 64 para hombre zapatos de cuero genuinos,&nbsp;aut&eacute;nticos y originales. Con la m&aacute;s alta calidad y una buena transpirabilidad.</p>\r\n\r\n<p>Talla 46</p>\r\n', 'b754002f7ed7a9d3.jpg', 'b754002f7ed7a9d31.jpg', 'b754002f7ed7a9d3.jpeg', 'b754002f7ed7a9d31.jpeg', '339.00', '0.00', '11.80', 0, 1, 'Zapatillas,Adidas,Varones', 1, '2014-12-17 00:31:04', 3, '2014-12-17 00:31:04', 3),
(106, 'F33005-10', 2, 'PORSCHE 550 RS', '<p>DETALLES DEL PRODUCTO Adidas originales zapatos negros Porsche 550 R, con acentos blancos y es ideal para su uso en la vida cotidiana. . Material: Cuero . Cierre: Cordones . Forro: Textil para el confort t&eacute;rmico . Plantilla: EVA . Suela: goma . Talla: 46</p>\r\n', '<p>DETALLES DEL PRODUCTO Adidas originales zapatos negros Porsche 550 R, con acentos blancos y es ideal para su uso en la vida cotidiana.</p>\r\n\r\n<p>Material: Cuero</p>\r\n\r\n<p>Cierre: Cordones</p>\r\n\r\n<p>Forro: Textil para el confort t&eacute;rmico</p>\r\n\r\n<p>Plantilla: EVA</p>\r\n\r\n<p>Suela: goma</p>\r\n\r\n<p>Talla: 46</p>\r\n', 'ac5af868d3922002.jpg', 'ac5af868d39220021.jpg', 'ac5af868d39220022.jpg', 'ac5af868d39220023.jpg', '299.00', '0.00', '10.40', 0, 1, 'Zapatillas,Adidas,Varones,Urbanas', 1, '2014-12-17 00:36:50', 3, '2014-12-17 00:36:50', 3),
(107, 'chavo001', 3, 'CHAVITO NATANIA', '<p>Descubre los nuevos modelos de Natania. Los chavitoss que se adaptan a tus curvas, haci&eacute;ndote lucir m&aacute;s femenina y robando m&aacute;s de una mirada. Calidad 100% nacional Material: 80% Algod&oacute;n 15% Polyster 5% Lycra Color: Cielo, Azul, Negro Tallas: 26 - 28 - 30 - 32 - 34</p>\r\n', '<p>Descubre los nuevos modelos de Natania. Los chavitoss que se adaptan a tus curvas, haci&eacute;ndote lucir m&aacute;s femenina y robando m&aacute;s de una mirada. Calidad 100% nacional Material: 80% Algod&oacute;n 15% Polyster 5% Lycra Color: Cielo, Azul, Negro Tallas: 26 - 28 - 30 - 32 - 34</p>\r\n', '8ba4427f31783c7c.jpg', '0', '8ba4427f31783c7c2.jpg', '8ba4427f31783c7c3.jpg', '60.00', '90.00', '4.92', 15, 1, 'Mujeres,Jeans', 0, '2015-01-16 01:40:50', 2, '2015-01-16 01:40:50', 2),
(108, '', 7, 'CANASTA ESPECIAL', '<p>5 kilos y medio arroz, 1 kilo de azucar, 2 aconcagua, 2 litros de aceite, 2 filete de atun, 1 mantequilla</p>\r\n', '<p>5 kilos y medio arroz, 1 kilo de azucar, 2 aconcagua, 2 litros de aceite, 2 filete de atun, 1 mantequilla</p>\r\n', '571ba7315d5e56a2.jpg', '0', '571ba7315d5e56a22.jpg', '571ba7315d5e56a23.jpg', '87.50', NULL, '4.40', 0, 1, '', 0, '2015-01-16 15:24:11', 3, '2015-01-16 15:24:11', 3),
(113, 'SR-NAT', 3, 'SHORT NATANIA', '<p>Descubre los nuevos modelos de Natania para este verano.Los short jeans&nbsp;que se adaptan a tus curvas, haci&eacute;ndote lucir m&aacute;s femenina y robando m&aacute;s de una mirada. Calidad 100% nacional Material: 80% Algod&oacute;n 15% Polyster 5% Lycra Color: Cielo, Azul, Negro Tallas: 26 - 28 - 30 - 32 - 34 -36 - 38 - 40</p>\r\n', '<p>Descubre los nuevos modelos de Natania para este verano.Los short jeans&nbsp;que se adaptan a tus curvas, haci&eacute;ndote lucir m&aacute;s femenina y robando m&aacute;s de una mirada. Calidad 100% nacional Material: 80% Algod&oacute;n 15% Polyster 5% Lycra. Color: Cielo, Azul, Negro. Tallas: 26 - 28 - 30 - 32 - 34 -36 - 38 - 40</p>\r\n', '34520438d2faf2af.jpg', '34520438d2faf2af1.jpg', '34520438d2faf2af2.jpg', '34520438d2faf2af3.jpg', '60.00', NULL, '4.26', 20, 2, 'Mujeres,Jeans,Verano', 1, '2015-01-16 00:47:20', 2, '2015-01-16 00:47:20', 2),
(110, '', 7, 'CAJA PANETÓN TODINNO BOLSA X 6UNID', '<p>Panet&oacute;n Todinno en bolsa, caja por 6 unidades</p>\r\n', '<p>Panet&oacute;n Todinno en bolsa, caja por 6 unidades</p>\r\n', '5396eb7b8a0ed589.jpeg', '5396eb7b8a0ed5891.jpeg', '5396eb7b8a0ed5892.jpeg', '5396eb7b8a0ed5893.jpeg', '130.00', NULL, '4.20', 0, 1, '', 0, '2014-12-26 03:34:57', 3, '2014-12-26 03:34:57', 3),
(111, '', 7, 'CAJA PANETÓN SAO BOLSA X 6UNID', '<p>Caja panet&oacute;n Sao en bolsa por 6 unidades</p>\r\n', '<p>Caja panet&oacute;n Sao en bolsa por 6 unidades</p>\r\n', 'ba326b345ed5d4d5.jpg', 'ba326b345ed5d4d51.jpg', 'ba326b345ed5d4d52.jpg', 'ba326b345ed5d4d53.jpg', '100.00', NULL, '3.20', 0, 1, '', 1, '2014-12-26 03:37:08', 3, '2014-12-26 03:37:08', 3),
(114, 'chavo001', 3, 'CHAVITO NATANIA VERANO', '<p>Descubre los nuevos modelos de Natania. Los chavitoss que se adaptan a tus curvas, haci&eacute;ndote lucir m&aacute;s femenina y robando m&aacute;s de una mirada. Calidad 100% nacional Material: 80% Algod&oacute;n 15% Polyster 5% Lycra Color: Cielo, Azul, Negro Tallas: 26 - 28 - 30 - 32 - 34 - 36 - 38 - 40</p>\r\n', '<p>Descubre los nuevos modelos de Natania. Los chavitoss que se adaptan a tus curvas, haci&eacute;ndote lucir m&aacute;s femenina y robando m&aacute;s de una mirada. Calidad 100% nacional Material: 80% Algod&oacute;n 15% Polyster 5% Lycra Color: Cielo, Azul, Negro Tallas: 26 - 28 - 30 - 32 - 34 - 36 - 38 - 40</p>\r\n', '7039f4d89e3ca700.jpg', '7039f4d89e3ca7001.jpg', '7039f4d89e3ca7002.jpg', '7039f4d89e3ca7003.jpg', '60.00', NULL, '4.10', 18, 1, 'Jeans,Verano', 1, '2015-01-16 01:44:30', 2, '2015-01-16 01:44:30', 2),
(115, 'chaleco001', 3, 'CHALECOS NATANIA', '<p>Chalecos Natania para este verano.Los chalecos&nbsp;jeans&nbsp;que se adaptan a t&iacute;, haci&eacute;ndote lucir m&aacute;s femenina y robando m&aacute;s de una mirada. Calidad 100% nacional Material: 80% Algod&oacute;n 15% Polyster 5% Lycra. Color: &nbsp;Azul . Tallas: S - M&nbsp;</p>\r\n', '<p>Chalecos Natania para este verano.Los chalecos&nbsp;jeans&nbsp;que se adaptan a t&iacute;, haci&eacute;ndote lucir m&aacute;s femenina y robando m&aacute;s de una mirada. Calidad 100% nacional Material: 80% Algod&oacute;n 15% Polyster 5% Lycra. Color: &nbsp;Azul . Tallas: S - M&nbsp;</p>\r\n', '163af633638f1e01.jpg', '163af633638f1e011.jpg', '163af633638f1e012.jpg', '163af633638f1e013.jpg', '70.00', NULL, '4.59', 20, 2, 'Jeans,Verano', 1, '2015-01-16 02:39:25', 2, '2015-01-16 02:39:25', 2),
(116, 'sao', 7, 'ACEITE SAO', '<p>Aceite Sao de soya x 1litro&nbsp;</p>\r\n', '<p>Aceite Sao de soya x 1litro&nbsp;</p>\r\n', '50406e15a1c8df8a.jpg', '0', '50406e15a1c8df8a2.jpg', '50406e15a1c8df8a3.jpg', '6.80', NULL, '0.28', 0, 1, '', 0, '2015-03-30 22:10:18', 2, '2015-03-30 22:10:18', 2),
(117, 'COS', 7, 'ARROZ COSTENO 750GR', '<p>Ideal como complemento en tus comidas o para ser la estrella de un riqu&iacute;simo arroz con pollo, este excelente grano ser&aacute; siempre tu mejor opci&oacute;n. Coste&ntilde;o Extra es extra rendidor, extra graneadito y extra sabrosito.</p>\r\n', '<p>Ideal como complemento en tus comidas o para ser la estrella de un riqu&iacute;simo arroz con pollo, este excelente grano ser&aacute; siempre tu mejor opci&oacute;n. Coste&ntilde;o Extra es extra rendidor, extra graneadito y extra sabrosito.</p>\r\n', '6942c7c0626bac92.png', '0', '6942c7c0626bac922.png', '6942c7c0626bac923.png', '3.45', NULL, '0.13', 0, 1, '', 0, '2015-03-14 17:07:05', 2, '2015-03-14 17:07:05', 2),
(118, 'FID TA', 7, 'FIDEO SPAGUETTI 500GR', '<p>Fideos para tallarin molitalia 500gramos</p>\r\n', '<p>Fideos para tallarin molitalia 500gramos</p>\r\n', '0', '4919587f2c8922e5.png', '4919587f2c8922e51.png', '0', '2.30', NULL, '0.05', 60, 1, '0', 0, '2015-01-16 16:00:10', 3, '2015-01-16 16:00:10', 3),
(119, 'FID TA', 7, 'FIDEO MOLITALIA SPAGUETTI 500GR', '<p>Fideo molitalia para tallarin 500gramos</p>\r\n', '<p>Fideo molitalia para tallarin 500gramos</p>\r\n', '2198ba2fae22f4a8.jpg', '2198ba2fae22f4a8.png', '2198ba2fae22f4a81.png', '2198ba2fae22f4a82.png', '2.30', NULL, '0.05', 58, 1, '', 1, '2015-01-16 16:03:00', 3, '2015-01-16 16:03:00', 3),
(120, 'LEC', 7, 'LECHE IDEAL CREMOSITA', '<p>La leche es un alimento indispensable en nuestra dieta ya que se trata de una fuente muy importante de calcio y prote&iacute;nas, que son elementos fundamentales para el crecimiento y el equilibrio de nuestro organismo.</p>\r\n', '<p>La leche es un alimento indispensable en nuestra dieta ya que se trata de una fuente muy importante de calcio y prote&iacute;nas, que son elementos fundamentales para el crecimiento y el equilibrio de nuestro organismo.</p>\r\n', 'fd97c9c00d9d7577.jpg', '0', 'fd97c9c00d9d75772.jpg', 'fd97c9c00d9d75773.jpg', '3.00', NULL, '0.05', 0, 1, '', 0, '2015-03-30 22:13:30', 2, '2015-03-30 22:13:30', 2),
(121, 'MANT', 7, 'MANTEQUILLA GLORIA 400GR', '<p>Mantequilla gloria en pote de 400gramos</p>\r\n', '<p>Mantequilla gloria en pote de 400gramos</p>\r\n', '19d4f943b9258ca8.jpg', '19d4f943b9258ca81.jpg', '19d4f943b9258ca82.jpg', '19d4f943b9258ca83.jpg', '11.50', NULL, '0.21', 11, 1, '', 1, '2015-01-16 16:25:59', 3, '2015-01-16 16:25:59', 3),
(122, 'MANT', 7, 'MANTEQUILLA GLORIA 400GR', '<p>Mantequilla gloria en pote de 400gramos</p>\r\n', '<p>Mantequilla gloria en pote de 400gramos</p>\r\n', '0', 'a6980a5bfb6af11b.jpg', 'a6980a5bfb6af11b1.jpg', 'a6980a5bfb6af11b2.jpg', '11.50', NULL, '0.21', 12, 1, '0', 0, '2015-01-16 16:26:25', 3, '2015-01-16 16:26:25', 3),
(123, 'AVE', 7, 'AVENA QUAKER 170GR', '<p>Avena quaker indispensable para la alimentaci&oacute;n de tus hijos x 170gramos</p>\r\n', '<p>Avena quaker indispensable para la alimentaci&oacute;n de tus hijos x 170gramos</p>\r\n', '3c8e48011ef45769.JPG', '3c8e48011ef457691.JPG', '3c8e48011ef457692.JPG', '3c8e48011ef457693.JPG', '2.90', NULL, '0.35', 11, 1, '', 1, '2015-01-16 16:32:12', 3, '2015-01-16 16:32:12', 3);
INSERT INTO `products` (`product_id`, `code`, `id_category`, `name`, `sumilla`, `description`, `custom_image`, `big_image`, `medium_image`, `small_image`, `price`, `price_del`, `pay_sale`, `stock`, `position`, `tags`, `status_value`, `created_at`, `created_by`, `updated_at`, `updated_by`) VALUES
(124, 'CAF', 7, 'NESCAFÉ TRADICIÓN 200GR', '<p>Para los amantes del caf&eacute;, Nescaf&eacute; tradici&oacute;n en lata</p>\r\n', '<p>Para los amantes del caf&eacute;, Nescaf&eacute; tradici&oacute;n en lata</p>\r\n', 'ba960125e2e1faee.jpg', 'efd1e28431d2513b.jpg', 'ba960125e2e1faee2.jpg', 'ba960125e2e1faee3.jpg', '21.00', NULL, '0.16', 12, 1, '', 1, '2015-01-23 05:54:55', 3, '2015-01-23 05:54:55', 3),
(125, 'FID SO', 7, 'FIDEO DON VICTORIO X 250GR', '<p>Fideos para sopa don victorio 250gramos</p>\r\n', '<p>Fideos para sopa don victorio 250gramos</p>\r\n', '90b4ead91cd8b070.jpg', '90b4ead91cd8b0701.jpg', '90b4ead91cd8b0702.jpg', '90b4ead91cd8b0703.jpg', '1.20', NULL, '0.02', 55, 1, '', 1, '2015-01-16 16:45:02', 3, '2015-01-16 16:45:02', 3),
(126, 'AZU', 7, 'AZUCAR DULFINA X 1KG', '<p>Az&uacute;car rubia Dulfina, para endulzar nuestras vidas. Gracias a su proceso de refinamiento y envasado, es m&aacute;s pura y limpia.</p>\r\n', '<p>Az&uacute;car rubia Dulfina, para endulzar nuestras vidas. Gracias a su proceso de refinamiento y envasado, es m&aacute;s pura y limpia.</p>\r\n', '834599e3782cd893.jpg', '834599e3782cd8931.jpg', '834599e3782cd8932.jpg', '834599e3782cd8933.jpg', '2.90', NULL, '0.05', 53, 1, '', 1, '2015-01-16 16:47:39', 3, '2015-01-16 16:47:39', 3),
(127, 'ATUN', 7, 'FILETE DE ATUN FLORIDA', '<p>Filete de at&uacute;n florida</p>\r\n', '<p>Filete de at&uacute;n florida</p>\r\n', '17be65331c3efb22.jpg', '17be65331c3efb221.jpg', '17be65331c3efb222.jpg', '17be65331c3efb223.jpg', '6.50', NULL, '0.30', 43, 1, '', 1, '2015-01-16 16:52:20', NULL, '2015-01-16 16:52:20', NULL),
(128, 'nat_ver', 3, 'JEANS NATANIA VERANO', '<p>Descubre los nuevos modelos de Natania. Los jeans que se adaptan a tus curvas, haci&eacute;ndote lucir m&aacute;s femenina y robando m&aacute;s de una mirada. Calidad 100% nacional Material: 80% Algod&oacute;n 15% Polyster 5% Lycra Color: Azul Tallas: 26 - 28 - 30 - 32 - 34</p>\r\n', '<p>Descubre los nuevos modelos de Natania. Los jeans que se adaptan a tus curvas, haci&eacute;ndote lucir m&aacute;s femenina y robando m&aacute;s de una mirada. Calidad 100% nacional Material: 80% Algod&oacute;n 15% Polyster 5% Lycra Color: Azul Tallas: 26 - 28 - 30 - 32 - 34</p>\r\n', 'ac585d8f3dabbe51.jpg', 'ac585d8f3dabbe511.jpg', 'ac585d8f3dabbe512.jpg', 'ac585d8f3dabbe513.jpg', '70.00', NULL, '4.59', 28, 1, 'Jeans,Verano', 1, '2015-01-22 19:17:22', 2, '2015-01-22 19:17:22', 2),
(129, 'eifi-clasico', 3, 'JEANS EI FI CLASICO ', '<p>Descubre los nuevos modelos de EI-FI. Los jeans que se adaptan a tus curvas, haci&eacute;ndote lucir m&aacute;s femenina y robando m&aacute;s de una mirada. Calidad 100% nacional Material: 80% Algod&oacute;n 15% Polyster 5% Lycra Color: Cielo Tallas: 26 - 28 - 30 - 32 - 34</p>\r\n', '<p>Descubre los nuevos modelos de EI-FI. Los jeans que se adaptan a tus curvas, haci&eacute;ndote lucir m&aacute;s femenina y robando m&aacute;s de una mirada. Calidad 100% nacional Material: 80% Algod&oacute;n 15% Polyster 5% Lycra Color: Cielo Tallas: 26 - 28 - 30 - 32 - 34</p>\r\n', '718f0a5d62f5be95.jpg', '718f0a5d62f5be951.jpg', '718f0a5d62f5be952.jpg', '718f0a5d62f5be953.jpg', '70.00', NULL, '4.59', 30, 1, 'Mujeres,Jeans,Verano', 1, '2015-01-22 20:18:04', 2, '2015-01-22 20:18:04', 2),
(132, '', 7, 'NESQUIK EN BOLSA 200gr', '<p>Chocolate nesquik en bolsa x 200gr</p>\r\n', '<p>Chocolate nesquik en bolsa x 200gr</p>\r\n', 'cafb9c64e7f28e33.jpg', 'cafb9c64e7f28e331.jpg', 'cafb9c64e7f28e332.jpg', 'cafb9c64e7f28e333.jpg', '6.40', NULL, '0.07', 20, 1, '', 1, '2015-01-23 05:46:13', 3, '2015-01-23 05:46:13', 3),
(133, '', 7, 'CONSERVA DE DURAZNO ACONCAGUA', '<p>Conserva de durazno aconcagua</p>\r\n', '<p>Conserva de durazno aconcagua</p>\r\n', '7b36d76ada03494b.jpg', '7b36d76ada03494b1.jpg', '7b36d76ada03494b2.jpg', '7b36d76ada03494b3.jpg', '10.90', NULL, '0.75', 0, 1, '', 1, '2015-01-23 05:49:08', 3, '2015-01-23 05:49:08', 3),
(134, '', 7, 'MERMELADA FANNY X 310GR', '<p>Mermelada fanny x 310gr</p>\r\n', '<p>Mermelada fanny x 310gr</p>\r\n', '70e1798e90ef04e1.jpg', 'ceb9667080c483e8.jpg', '70e1798e90ef04e12.jpg', '70e1798e90ef04e13.jpg', '3.99', NULL, '0.13', 2, 1, 'Abarrotes', 1, '2015-01-28 20:03:49', 2, '2015-01-28 20:03:49', 2),
(135, '', 7, 'ECCO', '<p>Caf&eacute; de cebada Ecco x 195gr</p>\r\n', '<p>Caf&eacute; de cebada Ecco x 195gr</p>\r\n', '2f9ad49ce5ac05d9.jpg', '2f9ad49ce5ac05d91.jpg', '2f9ad49ce5ac05d92.jpg', '2f9ad49ce5ac05d93.jpg', '6.40', NULL, '0.07', 3, 1, '', 1, '2015-01-23 05:57:22', 3, '2015-01-23 05:57:22', 3),
(131, 'CANAST', 7, 'CANASTA ESPECIAL BRETA SAC', '<p>1 aceite sao x 1litro, 1 arroz coste&ntilde;o x 375gr, 2 filete de at&uacute;n florida, 2 az&uacute;car x 1kg, 1 nesquik, 2 barras de chocolate herbi, 1 fideo molitalia, 1 gaseosa coca cola, 2 sobres de gelatina, 2 leches ideal, 1 mantequilla en pote, 1 mermelada, 2 rollos de papel higi&eacute;nico, 1 panet&oacute;n, 1 quaker, 1 infusi&oacute;n herbi.</p>\r\n\r\n<p>&nbsp;</p>\r\n', '<p>1 aceite sao x 1litro, 1 arroz coste&ntilde;o x 375gr, 2 filete de at&uacute;n florida, 2 az&uacute;car x 1kg, 1 nesquik, 2 barras de chocolate herbi, 1 fideo molitalia, 1 gaseosa coca cola, 2 sobres de gelatina, 2 leches ideal, 1 mantequilla en pote, 1 mermelada, 2 rollos de papel higi&eacute;nico, 1 panet&oacute;n, 1 quaker, 1 infusi&oacute;n herbi.</p>\r\n', '44c6ab1f2bde3ea0.jpg', '0', '44c6ab1f2bde3ea02.jpg', '44c6ab1f2bde3ea03.jpg', '100.00', NULL, '2.83', 0, 1, '', 0, '2015-01-23 05:31:46', 3, '2015-01-23 05:31:46', 3),
(136, '', 7, 'MENESTRAS', '<p>Lentejas en bolsa</p>\r\n', '<p>Lentejas en bolsa</p>\r\n', '', '0', '', '', '2.80', NULL, '0.05', 0, 1, '', 1, '2015-03-14 17:13:54', 2, '2015-03-14 17:13:54', 2),
(137, '', 7, 'POPCORN', '<p>Popcorn en bolsa</p>\r\n', '<p>Popcorn en bolsa</p>\r\n', '', '0', '', '', '2.80', NULL, '0.05', 0, 1, '', 1, '2015-03-14 17:13:22', 2, '2015-03-14 17:13:22', 2),
(138, '', 7, 'ARVERJAS', '<p>Menestras en bolsa&nbsp;</p>\r\n', '<p>Menestras en bolsa&nbsp;</p>\r\n', '', '0', '', '', '2.80', NULL, '0.05', 0, 1, '', 1, '2015-03-14 17:12:36', 2, '2015-03-14 17:12:36', 2),
(139, '', 7, 'HARINA PREPARADA BLANCA FLOR', '<p>Harina preparada blanca flor</p>\r\n', '<p>Harina preparada blanca flor</p>\r\n', '', '0', '', '', '6.50', NULL, '0.16', 0, 1, '', 1, '2015-03-14 17:11:38', 2, '2015-03-14 17:11:38', 2),
(140, 'sh-bl', 3, 'SHORT DE TEJIDOS TEXTURAS', '<p>Descubre los nuevos modelos de Short para este verano en Waveline. Short tejidos al crochet, Talla: Standar, ideales para el invierno y verano, colores es stock: Blanco, Negro y Perla.</p>\r\n', '<p>Descubre los nuevos modelos de Short para este verano en Waveline. Short tejidos al crochet, Talla: Standar, ideales para el invierno y verano, colores es stock: Blanco, Negro y Perla.</p>\r\n', '5d42ed4f5c3defa5.jpg', '5d42ed4f5c3defa51.jpg', '5d42ed4f5c3defa52.jpg', '5d42ed4f5c3defa53.jpg', '48.00', NULL, '3.28', 3, 2, 'Mujeres,Verano', 1, '2015-01-23 16:30:38', 2, '2015-01-23 16:30:38', 2),
(141, 'bvd01', 3, 'BIVIDI DE HILO', '<p>En este&nbsp;verano debes usar los bivid&iacute; de hilo de&nbsp;Waveline. Divid&iacute; tejidos con la espalda en forma de cruz, Talla: Standar, ideales para el&nbsp;verano, colores es stock: amarillo, verde y azul.</p>\r\n', '<p>En este&nbsp;verano debes usar los bivid&iacute; de hilo de&nbsp;Waveline. Divid&iacute; tejidos con la espalda en forma de cruz, Talla: Standar, ideales para el&nbsp;verano, colores es stock: amarillo, verde y azul.</p>\r\n', '335297502aeddee6.jpg', '335297502aeddee61.jpg', '335297502aeddee62.jpg', '335297502aeddee63.jpg', '45.00', NULL, '3.28', 1, 2, 'Varones,Verano,bividi', 1, '2015-01-23 16:56:16', 2, '2015-01-23 16:56:16', 2),
(142, 'bl-tul', 3, 'BLUSA TUL', '<p>Lo ultimo de Waveline son las Blusas Tul. Blusa de Tul con detalles de Encaje, Talla: Standar, ideales para el&nbsp;verano, colores: negro, celeste y rojo;&nbsp;prendas en stock: 3.</p>\r\n', '<p>Lo ultimo de Waveline son las Blusas Tul. Blusa de Tul con detalles de Encaje, Talla: Standar, ideales para el&nbsp;verano, colores: negro, celeste y rojo;&nbsp;prendas en stock: 3.</p>\r\n', 'b16e5e80b051c7f3.jpg', 'b16e5e80b051c7f31.jpg', 'b16e5e80b051c7f32.jpg', 'b16e5e80b051c7f33.jpg', '38.00', NULL, '3.28', 2, 1, 'Mujeres,Verano,blusas', 1, '2015-01-23 17:18:26', 2, '2015-01-23 17:18:26', 2),
(143, 'bl-enc', 3, 'BLUSAS CON ENCAJE VERANO', '<p>Blusas con encaje Waveline. blusas con texturas al decubierto por la espalda, talla: Standar, ideales para el verano, modelos en stock, con flores y texturas.</p>\r\n', '<p>Blusas con encaje Waveline. blusas con texturas al decubierto por la espalda, talla: Standar, ideales para el verano, modelos en stock, con flores y texturas.</p>\r\n\r\n', 'a9b0d9c25a07001f.jpg', 'a9b0d9c25a07001f1.jpg', 'a9b0d9c25a07001f2.jpg', 'a9b0d9c25a07001f3.jpg', '45.00', NULL, '3.61', 2, 1, 'Mujeres,Verano,blusas', 1, '2015-01-23 17:30:34', 2, '2015-01-23 17:30:34', 2),
(144, '0', 0, '0', '0', '0', '0', '0', '0', '0', '0.00', NULL, '0.00', 0, 0, '0', 0, '2015-01-23 18:08:08', 3, '2015-01-23 18:08:08', 3),
(147, 'b-hb', 3, 'Bermuda HB', '<p>Un verdadero tesoro para los fan&aacute;ticos de los bermudas, bermuda hard boy, hecho en 100% algod&oacute;n.Tallas: 30-32-34.Color: Plomo, Beige.</p>\r\n', '<p>Un verdadero tesoro para los fan&aacute;ticos de los bermudas, bermuda hard boy, hecho en 100% algod&oacute;n.</p>\r\n\r\n<p>Tallas: 30-32-34. Color: Plomo, Beige.</p>\r\n', 'd7df014d6fa6654c.jpg', 'd7df014d6fa6654c1.jpg', 'd7df014d6fa6654c2.jpg', 'd7df014d6fa6654c3.jpg', '65.00', NULL, '3.61', 4, 2, 'Varones,Verano,Bermudas', 1, '2015-01-28 19:33:35', 2, '2015-01-28 19:33:35', 2),
(148, 'p-flores', 3, 'Pantalón Flores', '<p>Pantalon entubado fashion, Tela:&nbsp;chalis estampado con flores, Talla: estandar, Color: negro con blanco.</p>\r\n', '<p>Pantalon entubado fashion.&nbsp;</p>\r\n\r\n<p>Tela:&nbsp;chalis estampado con flores.</p>\r\n\r\n<p>Talla: estandar, Color: negro con blanco.</p>\r\n', 'd9c1344476c9be4a.jpg', 'd9c1344476c9be4a1.jpg', 'd9c1344476c9be4a2.jpg', 'd9c1344476c9be4a3.jpg', '48.00', NULL, '3.77', 3, 1, 'Mujeres,Verano', 1, '2015-01-28 20:55:49', NULL, '2015-01-28 20:55:49', NULL),
(146, 'bvb-h', 3, 'Bvd Moda', '<p>Material: Mezclas de algod&oacute;n. Estaci&oacute;n del a&ntilde;o Verano, Corte cl&aacute;sico Ringspun de fibra larga de algod&oacute;n org&aacute;nico para la suavidad y durabilidad. Material: 100% algod&oacute;n org&aacute;nico Talla: S - M - L; Color: Celeste, Azul, Plomo, Blanco, Negro.</p>\r\n\r\n<p>&nbsp;</p>\r\n', '<p>Material: Mezclas de algod&oacute;n. Estaci&oacute;n del a&ntilde;o Verano, Corte cl&aacute;sico Ringspun de fibra larga de algod&oacute;n org&aacute;nico para la suavidad y durabilidad. Material: 100% algod&oacute;n org&aacute;nico Talla: S - M - L; Color: Celeste, Azul, Plomo, Blanco, Negro.</p>\r\n', '5bde96fd65478545.jpg', '0', 'f8256118350967c81.jpg', '5bde96fd654785452.jpg', '38.00', NULL, '3.28', 0, 2, 'Varones,Verano,bividi', 1, '2015-03-09 22:49:25', 2, '2015-03-09 22:49:25', 2),
(149, '0', 0, '0', '0', '0', '0', '0', '0', '0', '0.00', NULL, '0.00', 0, 0, '0', 0, '2015-01-28 22:37:39', 2, '2015-01-28 22:37:39', 2),
(150, 'vt01', 3, 'Vestidos de Tul', '<p>Vestido de tul para el verano; talla: standar; color gris y negro en distintos modelos, tal como esta en la imagen.</p>\r\n', '<p>Vestido de tul para el verano; talla: standar; color gris y negro en distintos modelos, tal como esta en la imagen.</p>\r\n', 'b3a1ad9e6dc1cc63.jpg', '0', 'b3a1ad9e6dc1cc632.jpg', 'b3a1ad9e6dc1cc633.jpg', '48.00', NULL, '3.77', 0, 2, 'Mujeres,Verano', 0, '2015-03-15 16:08:30', 2, '2015-03-15 16:08:30', 2),
(151, 'v-chalis', 3, 'Vestido de Chalin', '<p>Lo ultimo de waveline para el verano. Vestido de chalis con gasa.&nbsp;Talla: estandar, Dise&ntilde;o como se ve en las imagenes</p>\r\n', '<p>Lo ultimo de waveline para el verano. Vestido de chalis con gasa.&nbsp;Talla: estandar, Dise&ntilde;o como se ve en las imagenes</p>\r\n', '0a72beaf71065088.jpg', '0a72beaf710650881.jpg', '0a72beaf710650882.jpg', '0a72beaf710650883.jpg', '48.00', NULL, '4.26', 2, 2, 'Mujeres,Verano', 1, '2015-01-28 22:51:55', 2, '2015-01-28 22:51:55', 2),
(152, 'blu-ga', 3, 'BLUSA DE GASA', '<p>Lo &uacute;ltimo de Waveline son las blusas de gasa. Blusa de gasa con distintos modelos, Talla: Standar, ideales para el&nbsp;verano, colores: como se muestra en la imagen.</p>\r\n', '<p>Lo &uacute;ltimo de Waveline son las blusas de gasa. Blusa de gasa con distintos modelos, Talla: Standar, ideales para el&nbsp;verano, colores: como se muestra en la imagen.</p>\r\n', 'b835b72f48042d8c.jpg', 'b835b72f48042d8c1.jpg', 'b835b72f48042d8c2.jpg', 'b835b72f48042d8c3.jpg', '45.00', NULL, '3.28', 7, 2, 'Mujeres,Verano,blusas', 1, '2015-01-28 23:02:22', 2, '2015-01-28 23:02:22', 2),
(155, '', 3, 'BLUSA GASA BOBOS', '<p>Blusa de gasa con bobos, fresca para este verano</p>\r\n', '<p>Blusa de gasa con bobos, fresca para este verano</p>\r\n', '58ad8435a61c5549.jpg', '58ad8435a61c55491.jpg', '58ad8435a61c55492.jpg', '58ad8435a61c55493.jpg', '49.00', NULL, '4.15', 2, 1, '', 1, '2015-02-24 03:16:43', 3, '2015-02-24 03:16:43', 3),
(156, '', 5, 'Lejia Sapolio', '<p>Lejia Sapolio 1 litro</p>\r\n', '<p>Lejia Sapolio 1 litro</p>\r\n', '8f70060f3facda5f.jpg', '8f70060f3facda5f1.jpg', '8f70060f3facda5f2.jpg', '8f70060f3facda5f3.jpg', '3.00', NULL, '0.16', 10, 1, 'Limpieza,Mixto', 1, '2015-03-16 02:11:59', 2, '2015-03-16 02:11:59', 2),
(154, 'ent-01', 3, 'Enterizos', '<p>Lo ultimo de waveline para el verano.&nbsp;Enterisos. Talla: Standar.&nbsp;Color: rojo y azul.</p>\r\n', '<p>Lo ultimo de waveline para el verano.&nbsp;Enterisos.&nbsp;Talla: Standar.&nbsp;Color: rojo y azul.</p>\r\n', 'a4b2668849c86b9e.jpg', 'a4b2668849c86b9e1.jpg', 'a4b2668849c86b9e2.jpg', 'a4b2668849c86b9e3.jpg', '55.00', NULL, '4.10', 2, 1, 'Mujeres,Verano', 1, '2015-02-06 23:34:34', 2, '2015-02-06 23:34:34', 2),
(157, '', 5, 'AROMA SPRAY', '<p>Aroma spray sapolio. Aroma: Rosas, popurri y bebe. 360ml</p>\r\n', '<p>Aroma spray sapolio. Aroma: Rosas, popurri y bebe. 360ml</p>\r\n', '35e2e763e467285b.jpg', '35e2e763e467285b1.jpg', '35e2e763e467285b2.jpg', '35e2e763e467285b3.jpg', '8.40', NULL, '0.69', 9, 1, 'Limpieza,Mixto', 1, '2015-03-16 02:16:31', 2, '2015-03-16 02:16:31', 2),
(158, '', 5, 'SACA GRASA', '<p>Saca grasa sapolio - lim&oacute;n 650ml</p>\r\n', '<p>Saca grasa sapolio - lim&oacute;n 650ml</p>\r\n', 'bc230ad58bdd9dc3.jpg', 'bc230ad58bdd9dc31.jpg', 'bc230ad58bdd9dc32.jpg', 'bc230ad58bdd9dc33.jpg', '9.40', NULL, '0.72', 10, 1, 'Limpieza,Mixto', 1, '2015-03-16 02:23:18', 2, '2015-03-16 02:23:18', 2),
(159, '', 5, 'LIMPIA VIDRIO', '<p>Limpia vidrios sapolio 650ml</p>\r\n', '<p>Limpia vidrios sapolio 650ml</p>\r\n', '06e9a40226c13e02.jpg', '06e9a40226c13e021.jpg', '06e9a40226c13e022.jpg', '06e9a40226c13e023.jpg', '7.80', NULL, '0.54', 9, 1, 'Limpieza,Mixto', 1, '2015-03-16 02:49:54', 2, '2015-03-16 02:49:54', 2),
(160, '', 5, 'PATO DISCO COMPLETO', '<p>Pato disco completo 42gr</p>\r\n', '<p>Pato disco completo 42gr</p>\r\n', '7710c00dd652b9fa.jpg', '7710c00dd652b9fa1.jpg', '7710c00dd652b9fa2.jpg', '7710c00dd652b9fa3.jpg', '8.90', NULL, '0.39', 10, 1, 'Limpieza,Mixto', 1, '2015-03-16 02:56:35', 2, '2015-03-16 02:56:35', 2),
(161, '', 5, 'PAÑO ABSORVENTE', '<p>Pa&ntilde;o absorvente 3 unidades x paquete</p>\r\n', '<p>Pa&ntilde;o absorvente 3 unidades x paquete</p>\r\n', '28e7eaaabc820417.png', '28e7eaaabc8204171.png', '28e7eaaabc8204172.png', '28e7eaaabc8204173.png', '10.90', NULL, '0.89', 10, 1, 'Limpieza,Mixto', 1, '2015-03-16 03:04:23', 2, '2015-03-16 03:04:23', 2),
(162, '', 5, 'LAVAVAJILLA LIMÓN', '<p>Lavavajilla lim&oacute;n sapolio 500ml</p>\r\n', '<p>Lavavajilla lim&oacute;n sapolio 500ml</p>\r\n', 'c66b97f4614c96f7.jpg', 'c66b97f4614c96f71.jpg', 'c66b97f4614c96f72.jpg', 'c66b97f4614c96f73.jpg', '5.60', NULL, '0.34', 10, 1, 'Limpieza,Mixto', 1, '2015-03-16 03:09:44', 2, '2015-03-16 03:09:44', 2),
(163, '', 5, 'ESPONJA DOBLE USO', '<p>Esponja doble uso scotch brite de forma 8.</p>\r\n', '<p>Esponja doble uso scotch brite de forma 8.</p>\r\n', 'fb417ee7a05361a5.jpg', 'fb417ee7a05361a51.jpg', 'fb417ee7a05361a52.jpg', 'fb417ee7a05361a53.jpg', '3.50', NULL, '0.18', 10, 1, 'Limpieza,Mixto', 1, '2015-03-16 03:15:04', 2, '2015-03-16 03:15:04', 2),
(164, '', 5, 'JABÓN LIQUIDO', '<p>Jab&oacute;n liquido aval. Aroma: miel, lavanda, rosas, paraiso, lim&oacute;n 400ml</p>\r\n', '<p>Jab&oacute;n liquido aval. Aroma: miel, lavanda, rosas, paraiso, lim&oacute;n 400ml</p>\r\n', '9be257f334af271c.jpg', '9be257f334af271c1.jpg', '9be257f334af271c2.jpg', '9be257f334af271c3.jpg', '7.70', NULL, '0.66', 7, 1, 'Limpieza,Mixto', 1, '2015-03-16 03:18:35', 2, '2015-03-16 03:18:35', 2),
(165, '', 5, 'GUANTES AMARILLOS', '<p>Guantes amarillos plasticos S - M</p>\r\n', '<p>Guantes amarillos plasticos S - M</p>\r\n', '4c7270960ad3cb1e.jpg', '4c7270960ad3cb1e1.jpg', '4c7270960ad3cb1e2.jpg', '4c7270960ad3cb1e3.jpg', '5.00', NULL, '0.25', 9, 1, 'Limpieza,Mixto', 1, '2015-03-16 15:27:04', 2, '2015-03-16 15:27:04', 2),
(166, '', 5, 'DETERGENTE ', '<p>Detergente sapolio 4 kg. Aroma: bebe, floral, lim&oacute;n.</p>\r\n', '<p>Detergente sapolio 4 kg. Aroma: bebe, floral, lim&oacute;n.</p>\r\n', 'f576c58f717e3537.jpg', 'f576c58f717e35371.jpg', 'f576c58f717e35372.jpg', 'f576c58f717e35373.jpg', '22.00', NULL, '0.66', 10, 1, 'Limpieza,Mixto', 1, '2015-03-16 15:29:17', 2, '2015-03-16 15:29:17', 2),
(167, '', 5, 'JABÓN', '<p>Jab&oacute;n protex. Aroma: avena, profolis, fresh, limpieza profunda.130gr.</p>\r\n', '<p>Jab&oacute;n protex. Aroma: avena, profolis, fresh, limpieza profunda.130gr.</p>\r\n', 'f8922df0b70b5ffc.jpg', 'f8922df0b70b5ffc1.jpg', 'f8922df0b70b5ffc2.jpg', 'f8922df0b70b5ffc3.jpg', '3.50', NULL, '0.19', 10, 1, 'Limpieza,Mixto', 1, '2015-03-16 15:36:08', 2, '2015-03-16 15:36:08', 2),
(168, '', 5, 'JABÓN', '<p>Jab&oacute;n Neko. Aroma: extra protecci&oacute;n, extra suave 125gr.</p>\r\n', '<p>Jab&oacute;n Neko. Aroma: extra protecci&oacute;n, extra suave 125gr.</p>\r\n', '2895d8c98fbcecc7.jpg', '2895d8c98fbcecc71.jpg', '2895d8c98fbcecc72.jpg', '2895d8c98fbcecc73.jpg', '3.50', NULL, '0.19', 8, 1, 'Limpieza,Mixto', 1, '2015-03-16 15:39:16', 2, '2015-03-16 15:39:16', 2),
(169, '', 5, 'PAPEL TOALLA', '<p>Papel toalla scott 110 hojas</p>\r\n', '<p>Papel toalla scott 110 hojas</p>\r\n', '0fb0e0999e28e0bb.jpg', '0fb0e0999e28e0bb1.jpg', '0fb0e0999e28e0bb2.jpg', '0fb0e0999e28e0bb3.jpg', '3.80', NULL, '0.27', 7, 1, 'Limpieza,Mixto', 1, '2015-03-16 15:42:47', 2, '2015-03-16 15:42:47', 2),
(170, '', 5, 'PASTA DENTAL', '<p>Pasta dental colgate, maxima protecci&oacute;n anticaries 75ml.</p>\r\n', '<p>Pasta dental colgate, maxima protecci&oacute;n anticaries 75ml.</p>\r\n', 'cba48e05eafdbd1c.png', 'cba48e05eafdbd1c1.png', 'cba48e05eafdbd1c2.png', 'cba48e05eafdbd1c3.png', '3.70', NULL, '0.17', 17, 1, 'Limpieza,Mixto', 1, '2015-03-16 15:47:13', 2, '2015-03-16 15:47:13', 2),
(171, '', 5, 'CERA', '<p>Cera neutral&nbsp;sapolio 300ml</p>\r\n', '<p>Cera neutral&nbsp;sapolio 300ml</p>\r\n', 'bdafabe931d09253.jpg', 'bdafabe931d092531.jpg', 'bdafabe931d092532.jpg', 'bdafabe931d092533.jpg', '5.60', NULL, '0.48', 10, 1, 'Limpieza,Mixto', 1, '2015-03-16 16:17:49', 2, '2015-03-16 16:17:49', 2),
(172, '', 5, 'SUAVIZANTE', '<p>Suavizante amor. Aromas: brillo sol, arrullo bebe fresco. 450ml</p>\r\n', '<p>Suavizante amor. Aromas: brillo sol, arrullo bebe fresco. 450ml</p>\r\n', '569ca14300e0a3a7.jpg', '569ca14300e0a3a71.jpg', '569ca14300e0a3a72.jpg', '569ca14300e0a3a73.jpg', '3.70', NULL, '0.25', 4, 1, 'Limpieza,Mixto', 1, '2015-03-16 16:21:54', 2, '2015-03-16 16:21:54', 2),
(173, '', 5, 'JABÓN BOLIVAR', '<p>Jabon bolivar floral 240gr.</p>\r\n', '<p>Jabon bolivar floral 240gr.</p>\r\n', 'b099ae096e2520d1.jpg', 'b099ae096e2520d11.jpg', 'b099ae096e2520d12.jpg', 'b099ae096e2520d13.jpg', '3.60', NULL, '0.11', 11, 1, 'Limpieza,Mixto', 1, '2015-03-16 16:24:01', 2, '2015-03-16 16:24:01', 2),
(174, '', 5, 'BOLSA DE BASURA', '<p>Bolsa de basura polietileno negra 20x30</p>\r\n', '<p>Bolsa de basura polietileno negra 20x30</p>\r\n', 'd281fb4ff89d936f.jpg', 'd281fb4ff89d936f1.jpg', 'd281fb4ff89d936f2.jpg', 'd281fb4ff89d936f3.jpg', '0.17', NULL, '0.02', 295, 1, 'Limpieza,Mixto', 1, '2015-03-16 16:28:33', 2, '2015-03-16 16:28:33', 2),
(175, '', 5, 'DESINFECTANTE', '<p>Desinfectante martell. Aromas: lavanda, bouquet, primavera, bebe; 4 litros.</p>\r\n', '<p>Desinfectante martell. Aromas: lavanda, bouquet, primavera, bebe; 4 litros.</p>\r\n', '3eb5763596ff5aba.jpg', '3eb5763596ff5aba1.jpg', '3eb5763596ff5aba2.jpg', '3eb5763596ff5aba3.jpg', '11.50', NULL, '0.93', 10, 1, 'Limpieza,Mixto', 1, '2015-03-18 18:41:32', 2, '2015-03-18 18:41:32', 2);

-- --------------------------------------------------------

--
-- Estructura de tabla para la tabla `tags`
--

CREATE TABLE IF NOT EXISTS `tags` (
`tag_id` int(11) NOT NULL,
  `name` varchar(250) DEFAULT NULL,
  `status_value` tinyint(4) DEFAULT NULL,
  `created_at` datetime DEFAULT NULL,
  `created_by` int(11) DEFAULT NULL,
  `updated_at` datetime DEFAULT NULL,
  `updated_by` int(11) DEFAULT NULL
) ENGINE=MyISAM  DEFAULT CHARSET=latin1 AUTO_INCREMENT=31 ;

--
-- Volcado de datos para la tabla `tags`
--

INSERT INTO `tags` (`tag_id`, `name`, `status_value`, `created_at`, `created_by`, `updated_at`, `updated_by`) VALUES
(1, 'Zapatillas', 1, '2014-10-10 20:57:10', 1, NULL, NULL),
(2, 'Nike', 1, '2014-10-10 20:57:22', 1, NULL, NULL),
(5, 'Adidas', 1, '2014-10-11 19:02:36', 1, NULL, NULL),
(6, 'Puma', 1, '2014-10-11 19:02:52', 1, NULL, NULL),
(7, 'Reebok', 1, '2014-10-11 19:03:04', 1, NULL, NULL),
(8, 'Mujeres', 1, '2014-10-11 19:18:48', 1, NULL, NULL),
(9, 'Varones', 1, '2014-10-11 19:18:57', 1, NULL, NULL),
(10, 'kids', 1, '2014-10-11 19:19:05', 1, NULL, NULL),
(11, 'Urbanas', 1, '2014-10-11 19:19:47', 1, NULL, NULL),
(12, 'Deportivas', 1, '2014-10-11 19:19:56', 1, NULL, NULL),
(13, 'Polo', 1, '2014-10-18 22:58:23', 1, NULL, NULL),
(14, 'Jeans', 1, '2014-10-22 06:15:22', 1, NULL, NULL),
(15, 'Limpieza', 1, '2014-10-29 05:29:39', 1, NULL, NULL),
(16, 'Mixto', 1, '2014-10-29 05:30:54', 1, NULL, NULL),
(17, 'Belleza', 1, '2014-10-31 18:48:22', 1, NULL, NULL),
(18, 'Canasta', 1, '2014-11-29 17:51:18', 1, NULL, NULL),
(19, 'Navidad', 1, '2014-11-29 17:51:27', 1, NULL, NULL),
(20, 'Verano', 1, '2015-01-16 00:45:12', 1, NULL, NULL),
(21, 'chalecos', 1, '2015-01-16 02:40:30', 1, NULL, NULL),
(22, 'chavitos', 1, '2015-01-16 02:40:40', 1, NULL, NULL),
(23, 'EI-FI', 1, '2015-01-23 16:19:40', 1, NULL, NULL),
(24, 'Natania', 1, '2015-01-23 16:20:14', 1, NULL, NULL),
(25, 'Short', 1, '2015-01-23 16:31:01', 1, NULL, NULL),
(26, 'bividi', 1, '2015-01-23 16:49:34', 1, NULL, NULL),
(27, 'blusas', 1, '2015-01-23 17:06:01', 1, NULL, NULL),
(28, 'Hard Boy', 1, '2015-01-28 19:26:14', 1, NULL, NULL),
(29, 'Bermudas', 1, '2015-01-28 19:27:01', 1, NULL, NULL),
(30, 'Abarrotes', 1, '2015-01-28 20:03:19', 1, NULL, NULL);

-- --------------------------------------------------------

--
-- Estructura de tabla para la tabla `users`
--

CREATE TABLE IF NOT EXISTS `users` (
`user_id` int(11) NOT NULL,
  `user_name` varchar(250) DEFAULT NULL,
  `password` varchar(250) DEFAULT NULL,
  `ip_address` varchar(250) DEFAULT NULL,
  `first_name` varchar(250) DEFAULT NULL,
  `last_name` varchar(250) DEFAULT NULL,
  `email` varchar(250) DEFAULT NULL,
  `phone` int(11) DEFAULT NULL,
  `status_value` tinyint(4) DEFAULT NULL,
  `created_at` datetime DEFAULT NULL,
  `created_by` int(11) DEFAULT NULL,
  `updated_at` datetime DEFAULT NULL,
  `updated_by` int(11) DEFAULT NULL
) ENGINE=MyISAM  DEFAULT CHARSET=latin1 AUTO_INCREMENT=4 ;

--
-- Volcado de datos para la tabla `users`
--

INSERT INTO `users` (`user_id`, `user_name`, `password`, `ip_address`, `first_name`, `last_name`, `email`, `phone`, `status_value`, `created_at`, `created_by`, `updated_at`, `updated_by`) VALUES
(2, 'rcontrerash', 'fuertefuerte', NULL, 'Rolando Irvyng', 'Contreras Huidobro', 'software.contreras@gmail.com', 995795449, 1, '2014-10-09 00:00:00', 1, '2014-10-09 00:00:00', 1),
(3, 'kmelendez', 'karina.melendez', NULL, 'Karina ', 'Melendez', 'karina.melendez18@gmail.com ', 944954704, 1, '2014-10-10 00:00:00', 1, '2014-10-10 00:00:00', 1);

--
-- Índices para tablas volcadas
--

--
-- Indices de la tabla `brand`
--
ALTER TABLE `brand`
 ADD PRIMARY KEY (`brand_id`);

--
-- Indices de la tabla `brand_categories`
--
ALTER TABLE `brand_categories`
 ADD PRIMARY KEY (`brand_categories_id`);

--
-- Indices de la tabla `categories`
--
ALTER TABLE `categories`
 ADD PRIMARY KEY (`id_category`);

--
-- Indices de la tabla `categories_kind`
--
ALTER TABLE `categories_kind`
 ADD PRIMARY KEY (`categories_kind_id`), ADD UNIQUE KEY `product_id` (`product_id`);

--
-- Indices de la tabla `comments`
--
ALTER TABLE `comments`
 ADD PRIMARY KEY (`comment_id`);

--
-- Indices de la tabla `commissions`
--
ALTER TABLE `commissions`
 ADD PRIMARY KEY (`commissions_id`);

--
-- Indices de la tabla `customer`
--
ALTER TABLE `customer`
 ADD PRIMARY KEY (`customer_id`);

--
-- Indices de la tabla `order_commissions`
--
ALTER TABLE `order_commissions`
 ADD PRIMARY KEY (`order_commissions_id`);

--
-- Indices de la tabla `order_details`
--
ALTER TABLE `order_details`
 ADD PRIMARY KEY (`order_details_id`);

--
-- Indices de la tabla `orders`
--
ALTER TABLE `orders`
 ADD PRIMARY KEY (`order_id`);

--
-- Indices de la tabla `products`
--
ALTER TABLE `products`
 ADD PRIMARY KEY (`product_id`), ADD FULLTEXT KEY `tags` (`tags`), ADD FULLTEXT KEY `name` (`name`);

--
-- Indices de la tabla `tags`
--
ALTER TABLE `tags`
 ADD PRIMARY KEY (`tag_id`);

--
-- Indices de la tabla `users`
--
ALTER TABLE `users`
 ADD PRIMARY KEY (`user_id`);

--
-- AUTO_INCREMENT de las tablas volcadas
--

--
-- AUTO_INCREMENT de la tabla `brand`
--
ALTER TABLE `brand`
MODIFY `brand_id` int(11) NOT NULL AUTO_INCREMENT,AUTO_INCREMENT=26;
--
-- AUTO_INCREMENT de la tabla `brand_categories`
--
ALTER TABLE `brand_categories`
MODIFY `brand_categories_id` int(11) NOT NULL AUTO_INCREMENT,AUTO_INCREMENT=176;
--
-- AUTO_INCREMENT de la tabla `categories`
--
ALTER TABLE `categories`
MODIFY `id_category` int(11) NOT NULL AUTO_INCREMENT,AUTO_INCREMENT=8;
--
-- AUTO_INCREMENT de la tabla `categories_kind`
--
ALTER TABLE `categories_kind`
MODIFY `categories_kind_id` int(11) NOT NULL AUTO_INCREMENT,AUTO_INCREMENT=176;
--
-- AUTO_INCREMENT de la tabla `comments`
--
ALTER TABLE `comments`
MODIFY `comment_id` int(11) NOT NULL AUTO_INCREMENT,AUTO_INCREMENT=10;
--
-- AUTO_INCREMENT de la tabla `commissions`
--
ALTER TABLE `commissions`
MODIFY `commissions_id` int(11) NOT NULL AUTO_INCREMENT,AUTO_INCREMENT=235;
--
-- AUTO_INCREMENT de la tabla `customer`
--
ALTER TABLE `customer`
MODIFY `customer_id` int(10) NOT NULL AUTO_INCREMENT,AUTO_INCREMENT=54;
--
-- AUTO_INCREMENT de la tabla `order_commissions`
--
ALTER TABLE `order_commissions`
MODIFY `order_commissions_id` int(11) NOT NULL AUTO_INCREMENT,AUTO_INCREMENT=232;
--
-- AUTO_INCREMENT de la tabla `order_details`
--
ALTER TABLE `order_details`
MODIFY `order_details_id` int(11) NOT NULL AUTO_INCREMENT,AUTO_INCREMENT=160;
--
-- AUTO_INCREMENT de la tabla `orders`
--
ALTER TABLE `orders`
MODIFY `order_id` int(11) NOT NULL AUTO_INCREMENT,AUTO_INCREMENT=99;
--
-- AUTO_INCREMENT de la tabla `products`
--
ALTER TABLE `products`
MODIFY `product_id` int(11) NOT NULL AUTO_INCREMENT,AUTO_INCREMENT=176;
--
-- AUTO_INCREMENT de la tabla `tags`
--
ALTER TABLE `tags`
MODIFY `tag_id` int(11) NOT NULL AUTO_INCREMENT,AUTO_INCREMENT=31;
--
-- AUTO_INCREMENT de la tabla `users`
--
ALTER TABLE `users`
MODIFY `user_id` int(11) NOT NULL AUTO_INCREMENT,AUTO_INCREMENT=4;
/*!40101 SET CHARACTER_SET_CLIENT=@OLD_CHARACTER_SET_CLIENT */;
/*!40101 SET CHARACTER_SET_RESULTS=@OLD_CHARACTER_SET_RESULTS */;
/*!40101 SET COLLATION_CONNECTION=@OLD_COLLATION_CONNECTION */;
